fullUrl,resource.resourceType,resource.id,resource.meta.profile,resource.meta.tag,resource.extension,resource.status,resource.name,resource.address.use,resource.address.type,resource.address.text,resource.address.line,resource.address.city,resource.address.state,resource.address.postalCode,resource.address.country,resource.position.longitude,resource.position.latitude,resource.partOf.reference
https://public.fhir.flex.optum.com/R4/Location/f1685aef55513b81acfe9b4a477a0f6c4a9f9e7ab1896df5b4de61afadd5e462,Location,f1685aef55513b81acfe9b4a477a0f6c4a9f9e7ab1896df5b4de61afadd5e462,['http://hl7.org/fhir/us/davinci-pdex-plan-net/StructureDefinition/plannet-Location'],"[{'system': 'http://optum.com/fhir/wm/system/2021/07/resourceid', 'code': 'O8eYuFdPJUTGpaJZ56N/D5ZKinv5WOFMJFWICsqMDzRj+TtIH9JgyjA+2+334GSz3D2nQxDo5zL1kHzvvIrK/WD0BVfRLnfbomPwMHqkbwieXea8+LpohcMgSJTzDewuGHz2A3w13YmTlF+NC9hJ'}]","[{'url': 'http://hl7.org/fhir/us/davinci-pdex-plan-net/StructureDefinition/accessibility', 'valueCodeableConcept': {'coding': [{'system': 'http://hl7.org/fhir/us/davinci-pdex-plan-net/CodeSystem/AccessibilityCS', 'code': 'handiaccess', 'display': 'handicap accessible'}], 'text': 'Provides access to persons with disabilities.'}}]",active,2617 E Chapman Ave Ste 301-Orange-CA-92869-928693234,work,physical,2617 E Chapman Ave Ste 301 Orange CA 92869-3234,['2617 E Chapman Ave Ste 301'],Orange,CA,92869-3234,USA,-117.825418,33.787957,Location/f1685aef55513b81acfe9b4a477a0f6c4a9f9e7ab1896df5b4de61afadd5e462
https://public.fhir.flex.optum.com/R4/Location/e9df60af0696253246e93d58075411b43b182a53cfab56fbb968eb1096075ee9,Location,e9df60af0696253246e93d58075411b43b182a53cfab56fbb968eb1096075ee9,['http://hl7.org/fhir/us/davinci-pdex-plan-net/StructureDefinition/plannet-Location'],"[{'system': 'http://optum.com/fhir/wm/system/2021/07/resourceid', 'code': 'O8eYuFdPJUTGpaJZ56N/D5ZKinv5WOFMJFWICsqMDzRj+TtIH9JgyjA+2+334GSz3D2nQxDo5zL1kHzvvIrK/WD0BVfRLnfbomPwMHqkbwieXea8+LpohcMgSJTzDewuGHz2A3w13YmTlF+NC9hJ'}]",,active,1535 W Merced Ave Ste 300-West Covina-CA-91790-917903404,work,physical,1535 W Merced Ave Ste 300 West Covina CA 91790-3404,['1535 W Merced Ave Ste 300'],West Covina,CA,91790-3404,USA,-117.948138,34.062999,Location/e9df60af0696253246e93d58075411b43b182a53cfab56fbb968eb1096075ee9
https://public.fhir.flex.optum.com/R4/Location/31jw582G4no3xpYYwQjvgSE93oBpJMWfCITnIgR2tZP,Location,31jw582G4no3xpYYwQjvgSE93oBpJMWfCITnIgR2tZP,['http://hl7.org/fhir/us/davinci-pdex-plan-net/StructureDefinition/plannet-Location'],"[{'system': 'http://optum.com/fhir/wm/system/2021/07/resourceid', 'code': 'O8eYuFdPJUTGpaJZ56N/D5ZKinv5WOFMJFWICsqMDzRj+TtIH9JgyjA+2+334GSz3D2nQxDo5zL1kHzvvIrK/WD0BVfRLnfbomPwMHqkbwieXea8+LpohcMgSJTzDewuGHz2A3w13YmTlF+NC9hJ'}]","[{'url': 'http://hl7.org/fhir/us/davinci-pdex-plan-net/StructureDefinition/accessibility', 'valueCodeableConcept': {'coding': [{'system': 'http://hl7.org/fhir/us/davinci-pdex-plan-net/CodeSystem/AccessibilityCS', 'code': 'handiaccess', 'display': 'handicap accessible'}], 'text': 'Provides access to persons with disabilities.'}}]",active,1081 N Tustin Ave Ste 113-Anaheim-CA-92807-928071737,work,physical,1081 N Tustin Ave Ste 113 Anaheim CA 92807-1737,['1081 N Tustin Ave Ste 113'],Anaheim,CA,92807-1737,USA,-117.837694,33.853963,Location/31jw582G4no3xpYYwQjvgSE93oBpJMWfCITnIgR2tZP
https://public.fhir.flex.optum.com/R4/Location/865ab32f4151a119a7f2184210384c8fca6b7f878707cacc669e0e681b22028c,Location,865ab32f4151a119a7f2184210384c8fca6b7f878707cacc669e0e681b22028c,['http://hl7.org/fhir/us/davinci-pdex-plan-net/StructureDefinition/plannet-Location'],"[{'system': 'http://optum.com/fhir/wm/system/2021/07/resourceid', 'code': 'O8eYuFdPJUTGpaJZ56N/D5ZKinv5WOFMJFWICsqMDzRj+TtIH9JgyjA+2+334GSz3D2nQxDo5zL1kHzvvIrK/WD0BVfRLnfbomPwMHqkbwieXea8+LpohcMgSJTzDewuGHz2A3w13YmTlF+NC9hJ'}]",,active,1014 San Juan Ave # 1-7-Exeter-CA-93221-932211312,work,physical,1014 San Juan Ave # 1-7 Exeter CA 93221-1312,['1014 San Juan Ave # 1-7'],Exeter,CA,93221-1312,USA,-119.131834,36.298771,Location/865ab32f4151a119a7f2184210384c8fca6b7f878707cacc669e0e681b22028c
https://public.fhir.flex.optum.com/R4/Location/8c5eafeba55b616a92fc9874d301bf0c47b9f52a451d532a1a3bd7ad800e3b53,Location,8c5eafeba55b616a92fc9874d301bf0c47b9f52a451d532a1a3bd7ad800e3b53,['http://hl7.org/fhir/us/davinci-pdex-plan-net/StructureDefinition/plannet-Location'],"[{'system': 'http://optum.com/fhir/wm/system/2021/07/resourceid', 'code': 'O8eYuFdPJUTGpaJZ56N/D5ZKinv5WOFMJFWICsqMDzRj+TtIH9JgyjA+2+334GSz3D2nQxDo5zL1kHzvvIrK/WD0BVfRLnfbomPwMHqkbwieXea8+LpohcMgSJTzDewuGHz2A3w13YmTlF+NC9hJ'}]","[{'url': 'http://hl7.org/fhir/us/davinci-pdex-plan-net/StructureDefinition/accessibility', 'valueCodeableConcept': {'coding': [{'system': 'http://hl7.org/fhir/us/davinci-pdex-plan-net/CodeSystem/AccessibilityCS', 'code': 'handiaccess', 'display': 'handicap accessible'}], 'text': 'Provides access to persons with disabilities.'}}]",active,12835 Pointe Del Mar Way Ste 2-Del Mar-CA-92014-920143846,work,physical,12835 Pointe Del Mar Way Ste 2 Del Mar CA 92014-3846,['12835 Pointe Del Mar Way Ste 2'],Del Mar,CA,92014-3846,USA,-117.243025,32.932596,Location/8c5eafeba55b616a92fc9874d301bf0c47b9f52a451d532a1a3bd7ad800e3b53
https://public.fhir.flex.optum.com/R4/Location/a19f391afc34239e40986417320ac9e974924043fcd372335f3f571159df8020,Location,a19f391afc34239e40986417320ac9e974924043fcd372335f3f571159df8020,['http://hl7.org/fhir/us/davinci-pdex-plan-net/StructureDefinition/plannet-Location'],"[{'system': 'http://optum.com/fhir/wm/system/2021/07/resourceid', 'code': 'O8eYuFdPJUTGpaJZ56N/D5ZKinv5WOFMJFWICsqMDzRj+TtIH9JgyjA+2+334GSz3D2nQxDo5zL1kHzvvIrK/WD0BVfRLnfbomPwMHqkbwieXea8+LpohcMgSJTzDewuGHz2A3w13YmTlF+NC9hJ'}]",,active,2701 Old Eureka Way Ste 1E-Redding-CA-96001-960010228,work,physical,2701 Old Eureka Way Ste 1E Redding CA 96001-0228,['2701 Old Eureka Way Ste 1E'],Redding,CA,96001-0228,USA,-122.410135,40.585427,Location/a19f391afc34239e40986417320ac9e974924043fcd372335f3f571159df8020
https://public.fhir.flex.optum.com/R4/Location/d67ce8d872ab1297d7a78ecd94f60e77cc3c696e5087a5d422b58acffe63bf7c,Location,d67ce8d872ab1297d7a78ecd94f60e77cc3c696e5087a5d422b58acffe63bf7c,['http://hl7.org/fhir/us/davinci-pdex-plan-net/StructureDefinition/plannet-Location'],"[{'system': 'http://optum.com/fhir/wm/system/2021/07/resourceid', 'code': 'O8eYuFdPJUTGpaJZ56N/D5ZKinv5WOFMJFWICsqMDzRj+TtIH9JgyjA+2+334GSz3D2nQxDo5zL1kHzvvIrK/WD0BVfRLnfbomPwMHqkbwieXea8+LpohcMgSJTzDewuGHz2A3w13YmTlF+NC9hJ'}]","[{'url': 'http://hl7.org/fhir/us/davinci-pdex-plan-net/StructureDefinition/accessibility', 'valueCodeableConcept': {'coding': [{'system': 'http://hl7.org/fhir/us/davinci-pdex-plan-net/CodeSystem/AccessibilityCS', 'code': 'handiaccess', 'display': 'handicap accessible'}], 'text': 'Provides access to persons with disabilities.'}}]",active,2100 Lynn Rd Ste 115-Thousand Oaks-CA-91360-913608031,work,physical,2100 Lynn Rd Ste 115 Thousand Oaks CA 91360-8031,['2100 Lynn Rd Ste 115'],Thousand Oaks,CA,91360-8031,USA,-118.88606,34.206133,Location/d67ce8d872ab1297d7a78ecd94f60e77cc3c696e5087a5d422b58acffe63bf7c
https://public.fhir.flex.optum.com/R4/Location/ca80195cf0cb6494dc73ac3e378b9a751de2170f16b0e9fe504a30d0d7342a3e,Location,ca80195cf0cb6494dc73ac3e378b9a751de2170f16b0e9fe504a30d0d7342a3e,['http://hl7.org/fhir/us/davinci-pdex-plan-net/StructureDefinition/plannet-Location'],"[{'system': 'http://optum.com/fhir/wm/system/2021/07/resourceid', 'code': 'O8eYuFdPJUTGpaJZ56N/D5ZKinv5WOFMJFWICsqMDzRj+TtIH9JgyjA+2+334GSz3D2nQxDo5zL1kHzvvIrK/WD0BVfRLnfbomPwMHqkbwieXea8+LpohcMgSJTzDewuGHz2A3w13YmTlF+NC9hJ'}]",,active,27450 Ynez Rd Ste 109-Temecula-CA-92591-925914649,work,physical,27450 Ynez Rd Ste 109 Temecula CA 92591-4649,['27450 Ynez Rd Ste 109'],Temecula,CA,92591-4649,USA,-117.149983,33.506448,Location/ca80195cf0cb6494dc73ac3e378b9a751de2170f16b0e9fe504a30d0d7342a3e
https://public.fhir.flex.optum.com/R4/Location/19f78609e20879944300907c2e2d6ce41733b43171505ab8ff66102bf16ed659,Location,19f78609e20879944300907c2e2d6ce41733b43171505ab8ff66102bf16ed659,['http://hl7.org/fhir/us/davinci-pdex-plan-net/StructureDefinition/plannet-Location'],"[{'system': 'http://optum.com/fhir/wm/system/2021/07/resourceid', 'code': 'O8eYuFdPJUTGpaJZ56N/D5ZKinv5WOFMJFWICsqMDzRj+TtIH9JgyjA+2+334GSz3D2nQxDo5zL1kHzvvIrK/WD0BVfRLnfbomPwMHqkbwieXea8+LpohcMgSJTzDewuGHz2A3w13YmTlF+NC9hJ'}]","[{'url': 'http://hl7.org/fhir/us/davinci-pdex-plan-net/StructureDefinition/accessibility', 'valueCodeableConcept': {'coding': [{'system': 'http://hl7.org/fhir/us/davinci-pdex-plan-net/CodeSystem/AccessibilityCS', 'code': 'handiaccess', 'display': 'handicap accessible'}], 'text': 'Provides access to persons with disabilities.'}}]",active,10666 N Torrey Pines Rd # Mc200N-La Jolla-CA-92037-920371027,work,physical,10666 N Torrey Pines Rd # Mc200N La Jolla CA 92037-1027,['10666 N Torrey Pines Rd # Mc200N'],La Jolla,CA,92037-1027,USA,-117.242096,32.897388,Location/19f78609e20879944300907c2e2d6ce41733b43171505ab8ff66102bf16ed659
https://public.fhir.flex.optum.com/R4/Location/91cb659acd1c4b6edcf815b1c2d8b57a057a9fe1650fd17eb7878af46b5506b5,Location,91cb659acd1c4b6edcf815b1c2d8b57a057a9fe1650fd17eb7878af46b5506b5,['http://hl7.org/fhir/us/davinci-pdex-plan-net/StructureDefinition/plannet-Location'],"[{'system': 'http://optum.com/fhir/wm/system/2021/07/resourceid', 'code': 'O8eYuFdPJUTGpaJZ56N/D5ZKinv5WOFMJFWICsqMDzRj+TtIH9JgyjA+2+334GSz3D2nQxDo5zL1kHzvvIrK/WD0BVfRLnfbomPwMHqkbwieXea8+LpohcMgSJTzDewuGHz2A3w13YmTlF+NC9hJ'}]",,active,4950 Barranca Pkwy Ste 303-Irvine-CA-92604-926044631,work,physical,4950 Barranca Pkwy Ste 303 Irvine CA 92604-4631,['4950 Barranca Pkwy Ste 303'],Irvine,CA,92604-4631,USA,-117.794646,33.676086,Location/91cb659acd1c4b6edcf815b1c2d8b57a057a9fe1650fd17eb7878af46b5506b5
https://public.fhir.flex.optum.com/R4/Location/0e006467ee2ed19bf0620c0c11bdfe405054ecefbd871e25f1988d72cfee18b0,Location,0e006467ee2ed19bf0620c0c11bdfe405054ecefbd871e25f1988d72cfee18b0,['http://hl7.org/fhir/us/davinci-pdex-plan-net/StructureDefinition/plannet-Location'],"[{'system': 'http://optum.com/fhir/wm/system/2021/07/resourceid', 'code': 'O8eYuFdPJUTGpaJZ56N/D5ZKinv5WOFMJFWICsqMDzRj+TtIH9JgyjA+2+334GSz3D2nQxDo5zL1kHzvvIrK/WD0BVfRLnfbomPwMHqkbwieXea8+LpohcMgSJTzDewuGHz2A3w13YmTlF+NC9hJ'}]",,active,7001 Stockton Ave Ste 7-El Cerrito-CA-94530-945302961,work,physical,7001 Stockton Ave Ste 7 El Cerrito CA 94530-2961,['7001 Stockton Ave Ste 7'],El Cerrito,CA,94530-2961,USA,-122.30002,37.910498,Location/0e006467ee2ed19bf0620c0c11bdfe405054ecefbd871e25f1988d72cfee18b0
https://public.fhir.flex.optum.com/R4/Location/ZWmrLYbMbzli6rpHyFw41dynDlJS9bsRESSHBiqey8P,Location,ZWmrLYbMbzli6rpHyFw41dynDlJS9bsRESSHBiqey8P,['http://hl7.org/fhir/us/davinci-pdex-plan-net/StructureDefinition/plannet-Location'],"[{'system': 'http://optum.com/fhir/wm/system/2021/07/resourceid', 'code': 'O8eYuFdPJUTGpaJZ56N/D5ZKinv5WOFMJFWICsqMDzRj+TtIH9JgyjA+2+334GSz3D2nQxDo5zL1kHzvvIrK/WD0BVfRLnfbomPwMHqkbwieXea8+LpohcMgSJTzDewuGHz2A3w13YmTlF+NC9hJ'}]","[{'url': 'http://hl7.org/fhir/us/davinci-pdex-plan-net/StructureDefinition/accessibility', 'valueCodeableConcept': {'coding': [{'system': 'http://hl7.org/fhir/us/davinci-pdex-plan-net/CodeSystem/AccessibilityCS', 'code': 'handiaccess', 'display': 'handicap accessible'}], 'text': 'Provides access to persons with disabilities.'}}]",active,15251 Gale Ave-City Industry-CA-91745-917451507,work,physical,15251 Gale Ave City Industry CA 91745-1507,['15251 Gale Ave'],City Industry,CA,91745-1507,USA,-117.974466,34.014574,Location/ZWmrLYbMbzli6rpHyFw41dynDlJS9bsRESSHBiqey8P
https://public.fhir.flex.optum.com/R4/Location/7f5a4555b9b96c2cb44e655c5578d369b3ce1cfd38eccb0b60544dbc969b155f,Location,7f5a4555b9b96c2cb44e655c5578d369b3ce1cfd38eccb0b60544dbc969b155f,['http://hl7.org/fhir/us/davinci-pdex-plan-net/StructureDefinition/plannet-Location'],"[{'system': 'http://optum.com/fhir/wm/system/2021/07/resourceid', 'code': 'O8eYuFdPJUTGpaJZ56N/D5ZKinv5WOFMJFWICsqMDzRj+TtIH9JgyjA+2+334GSz3D2nQxDo5zL1kHzvvIrK/WD0BVfRLnfbomPwMHqkbwieXea8+LpohcMgSJTzDewuGHz2A3w13YmTlF+NC9hJ'}]","[{'url': 'http://hl7.org/fhir/us/davinci-pdex-plan-net/StructureDefinition/accessibility', 'valueCodeableConcept': {'coding': [{'system': 'http://hl7.org/fhir/us/davinci-pdex-plan-net/CodeSystem/AccessibilityCS', 'code': 'handiaccess', 'display': 'handicap accessible'}], 'text': 'Provides access to persons with disabilities.'}}]",active,2621 S Bristol St Ste 300-Santa Ana-CA-92704-927045719,work,physical,2621 S Bristol St Ste 300 Santa Ana CA 92704-5719,['2621 S Bristol St Ste 300'],Santa Ana,CA,92704-5719,USA,-117.885234,33.71202,Location/7f5a4555b9b96c2cb44e655c5578d369b3ce1cfd38eccb0b60544dbc969b155f
https://public.fhir.flex.optum.com/R4/Location/97398c5f22e52ee11f717baa84e8918b78c13fe00bd8857cd00c20779e5613c4,Location,97398c5f22e52ee11f717baa84e8918b78c13fe00bd8857cd00c20779e5613c4,['http://hl7.org/fhir/us/davinci-pdex-plan-net/StructureDefinition/plannet-Location'],"[{'system': 'http://optum.com/fhir/wm/system/2021/07/resourceid', 'code': 'O8eYuFdPJUTGpaJZ56N/D5ZKinv5WOFMJFWICsqMDzRj+TtIH9JgyjA+2+334GSz3D2nQxDo5zL1kHzvvIrK/WD0BVfRLnfbomPwMHqkbwieXea8+LpohcMgSJTzDewuGHz2A3w13YmTlF+NC9hJ'}]","[{'url': 'http://hl7.org/fhir/us/davinci-pdex-plan-net/StructureDefinition/accessibility', 'valueCodeableConcept': {'coding': [{'system': 'http://hl7.org/fhir/us/davinci-pdex-plan-net/CodeSystem/AccessibilityCS', 'code': 'handiaccess', 'display': 'handicap accessible'}], 'text': 'Provides access to persons with disabilities.'}}]",active,201 S Alvarado St Ste 718-Los Angeles-CA-90057-900572390,work,physical,201 S Alvarado St Ste 718 Los Angeles CA 90057-2390,['201 S Alvarado St Ste 718'],Los Angeles,CA,90057-2390,USA,-118.2723,34.06386,Location/97398c5f22e52ee11f717baa84e8918b78c13fe00bd8857cd00c20779e5613c4
https://public.fhir.flex.optum.com/R4/Location/1dcae3c247a636ec19d88d3b5dba26c4281c29dac1c8fbbd6bd91d9ca78b5e37,Location,1dcae3c247a636ec19d88d3b5dba26c4281c29dac1c8fbbd6bd91d9ca78b5e37,['http://hl7.org/fhir/us/davinci-pdex-plan-net/StructureDefinition/plannet-Location'],"[{'system': 'http://optum.com/fhir/wm/system/2021/07/resourceid', 'code': 'O8eYuFdPJUTGpaJZ56N/D5ZKinv5WOFMJFWICsqMDzRj+TtIH9JgyjA+2+334GSz3D2nQxDo5zL1kHzvvIrK/WD0BVfRLnfbomPwMHqkbwieXea8+LpohcMgSJTzDewuGHz2A3w13YmTlF+NC9hJ'}]",,active,26928 Cherry Hills Blvd # C-Sun City-CA-92586-925862574,work,physical,26928 Cherry Hills Blvd # C Sun City CA 92586-2574,['26928 Cherry Hills Blvd # C'],Sun City,CA,92586-2574,USA,-117.189975,33.710964,Location/1dcae3c247a636ec19d88d3b5dba26c4281c29dac1c8fbbd6bd91d9ca78b5e37
https://public.fhir.flex.optum.com/R4/Location/11ea41fad7865aa836a17e58c16dfcb158687b3b8f0f3b694723664e321b766c,Location,11ea41fad7865aa836a17e58c16dfcb158687b3b8f0f3b694723664e321b766c,['http://hl7.org/fhir/us/davinci-pdex-plan-net/StructureDefinition/plannet-Location'],"[{'system': 'http://optum.com/fhir/wm/system/2021/07/resourceid', 'code': 'O8eYuFdPJUTGpaJZ56N/D5ZKinv5WOFMJFWICsqMDzRj+TtIH9JgyjA+2+334GSz3D2nQxDo5zL1kHzvvIrK/WD0BVfRLnfbomPwMHqkbwieXea8+LpohcMgSJTzDewuGHz2A3w13YmTlF+NC9hJ'}]","[{'url': 'http://hl7.org/fhir/us/davinci-pdex-plan-net/StructureDefinition/accessibility', 'valueCodeableConcept': {'coding': [{'system': 'http://hl7.org/fhir/us/davinci-pdex-plan-net/CodeSystem/AccessibilityCS', 'code': 'handiaccess', 'display': 'handicap accessible'}], 'text': 'Provides access to persons with disabilities.'}}]",active,843 Auto Center Dr Ste D-Palmdale-CA-93551-935514489,work,physical,843 Auto Center Dr Ste D Palmdale CA 93551-4489,['843 Auto Center Dr Ste D'],Palmdale,CA,93551-4489,USA,-118.146484,34.591546,Location/11ea41fad7865aa836a17e58c16dfcb158687b3b8f0f3b694723664e321b766c
https://public.fhir.flex.optum.com/R4/Location/8a3c36fa8f4dcc9d3011f189e3150a3124cbc17dc37bdddc2b13e712126a2372,Location,8a3c36fa8f4dcc9d3011f189e3150a3124cbc17dc37bdddc2b13e712126a2372,['http://hl7.org/fhir/us/davinci-pdex-plan-net/StructureDefinition/plannet-Location'],"[{'system': 'http://optum.com/fhir/wm/system/2021/07/resourceid', 'code': 'O8eYuFdPJUTGpaJZ56N/D5ZKinv5WOFMJFWICsqMDzRj+TtIH9JgyjA+2+334GSz3D2nQxDo5zL1kHzvvIrK/WD0BVfRLnfbomPwMHqkbwieXea8+LpohcMgSJTzDewuGHz2A3w13YmTlF+NC9hJ'}]","[{'url': 'http://hl7.org/fhir/us/davinci-pdex-plan-net/StructureDefinition/accessibility', 'valueCodeableConcept': {'coding': [{'system': 'http://hl7.org/fhir/us/davinci-pdex-plan-net/CodeSystem/AccessibilityCS', 'code': 'handiaccess', 'display': 'handicap accessible'}], 'text': 'Provides access to persons with disabilities.'}}]",active,291 S La Cienega Blvd Ste 108-Beverly Hills-CA-90211-902113334,work,physical,291 S La Cienega Blvd Ste 108 Beverly Hills CA 90211-3334,['291 S La Cienega Blvd Ste 108'],Beverly Hills,CA,90211-3334,USA,-118.376308,34.062819,Location/8a3c36fa8f4dcc9d3011f189e3150a3124cbc17dc37bdddc2b13e712126a2372
https://public.fhir.flex.optum.com/R4/Location/12141fcbafb5fbb795e2b12670fb16021c2e3fd519ca3ffb20702705cd4a1d25,Location,12141fcbafb5fbb795e2b12670fb16021c2e3fd519ca3ffb20702705cd4a1d25,['http://hl7.org/fhir/us/davinci-pdex-plan-net/StructureDefinition/plannet-Location'],"[{'system': 'http://optum.com/fhir/wm/system/2021/07/resourceid', 'code': 'O8eYuFdPJUTGpaJZ56N/D5ZKinv5WOFMJFWICsqMDzRj+TtIH9JgyjA+2+334GSz3D2nQxDo5zL1kHzvvIrK/WD0BVfRLnfbomPwMHqkbwieXea8+LpohcMgSJTzDewuGHz2A3w13YmTlF+NC9hJ'}]","[{'url': 'http://hl7.org/fhir/us/davinci-pdex-plan-net/StructureDefinition/accessibility', 'valueCodeableConcept': {'coding': [{'system': 'http://hl7.org/fhir/us/davinci-pdex-plan-net/CodeSystem/AccessibilityCS', 'code': 'handiaccess', 'display': 'handicap accessible'}], 'text': 'Provides access to persons with disabilities.'}}]",active,3940 San Dimas St-Bakersfield-CA-93301-933011458,work,physical,3940 San Dimas St Bakersfield CA 93301-1458,['3940 San Dimas St'],Bakersfield,CA,93301-1458,USA,-119.008011,35.395917,Location/12141fcbafb5fbb795e2b12670fb16021c2e3fd519ca3ffb20702705cd4a1d25
https://public.fhir.flex.optum.com/R4/Location/4e72cdde7429131127361b580f28359ff8d7a87dc57491a50324ffb2d184187c,Location,4e72cdde7429131127361b580f28359ff8d7a87dc57491a50324ffb2d184187c,['http://hl7.org/fhir/us/davinci-pdex-plan-net/StructureDefinition/plannet-Location'],"[{'system': 'http://optum.com/fhir/wm/system/2021/07/resourceid', 'code': 'O8eYuFdPJUTGpaJZ56N/D5ZKinv5WOFMJFWICsqMDzRj+TtIH9JgyjA+2+334GSz3D2nQxDo5zL1kHzvvIrK/WD0BVfRLnfbomPwMHqkbwieXea8+LpohcMgSJTzDewuGHz2A3w13YmTlF+NC9hJ'}]","[{'url': 'http://hl7.org/fhir/us/davinci-pdex-plan-net/StructureDefinition/accessibility', 'valueCodeableConcept': {'coding': [{'system': 'http://hl7.org/fhir/us/davinci-pdex-plan-net/CodeSystem/AccessibilityCS', 'code': 'handiaccess', 'display': 'handicap accessible'}], 'text': 'Provides access to persons with disabilities.'}}]",active,1865 Alum Rock Ave Ste B-San Jose-CA-95116-951161396,work,physical,1865 Alum Rock Ave Ste B San Jose CA 95116-1396,['1865 Alum Rock Ave Ste B'],San Jose,CA,95116-1396,USA,-121.852708,37.354322,Location/4e72cdde7429131127361b580f28359ff8d7a87dc57491a50324ffb2d184187c
https://public.fhir.flex.optum.com/R4/Location/70fc27a4ab22a28b878d9c19f37a11cebad9ffb6d90f48c13146c088c46dcc5e,Location,70fc27a4ab22a28b878d9c19f37a11cebad9ffb6d90f48c13146c088c46dcc5e,['http://hl7.org/fhir/us/davinci-pdex-plan-net/StructureDefinition/plannet-Location'],"[{'system': 'http://optum.com/fhir/wm/system/2021/07/resourceid', 'code': 'O8eYuFdPJUTGpaJZ56N/D5ZKinv5WOFMJFWICsqMDzRj+TtIH9JgyjA+2+334GSz3D2nQxDo5zL1kHzvvIrK/WD0BVfRLnfbomPwMHqkbwieXea8+LpohcMgSJTzDewuGHz2A3w13YmTlF+NC9hJ'}]","[{'url': 'http://hl7.org/fhir/us/davinci-pdex-plan-net/StructureDefinition/accessibility', 'valueCodeableConcept': {'coding': [{'system': 'http://hl7.org/fhir/us/davinci-pdex-plan-net/CodeSystem/AccessibilityCS', 'code': 'handiaccess', 'display': 'handicap accessible'}], 'text': 'Provides access to persons with disabilities.'}}]",active,2000 Vale Rd-San Pablo-CA-94806-948063808,work,physical,2000 Vale Rd San Pablo CA 94806-3808,['2000 Vale Rd'],San Pablo,CA,94806-3808,USA,-122.337133,37.954093,Location/70fc27a4ab22a28b878d9c19f37a11cebad9ffb6d90f48c13146c088c46dcc5e
https://public.fhir.flex.optum.com/R4/Location/4031a3f110bb0646bd14d297e4940e693b9cf91f8ad776a633433354915fa8fc,Location,4031a3f110bb0646bd14d297e4940e693b9cf91f8ad776a633433354915fa8fc,['http://hl7.org/fhir/us/davinci-pdex-plan-net/StructureDefinition/plannet-Location'],"[{'system': 'http://optum.com/fhir/wm/system/2021/07/resourceid', 'code': 'O8eYuFdPJUTGpaJZ56N/D5ZKinv5WOFMJFWICsqMDzRj+TtIH9JgyjA+2+334GSz3D2nQxDo5zL1kHzvvIrK/WD0BVfRLnfbomPwMHqkbwieXea8+LpohcMgSJTzDewuGHz2A3w13YmTlF+NC9hJ'}]",,active,24432 Muirlands Blvd Ste 131-Lake Forest-CA-92630-926303939,work,physical,24432 Muirlands Blvd Ste 131 Lake Forest CA 92630-3939,['24432 Muirlands Blvd Ste 131'],Lake Forest,CA,92630-3939,USA,-117.70311,33.627584,Location/4031a3f110bb0646bd14d297e4940e693b9cf91f8ad776a633433354915fa8fc
https://public.fhir.flex.optum.com/R4/Location/a1050c4a9234270737bedd55f58e65eb71af4b9f6b4f579ee9c2e09fc4d47c62,Location,a1050c4a9234270737bedd55f58e65eb71af4b9f6b4f579ee9c2e09fc4d47c62,['http://hl7.org/fhir/us/davinci-pdex-plan-net/StructureDefinition/plannet-Location'],"[{'system': 'http://optum.com/fhir/wm/system/2021/07/resourceid', 'code': 'O8eYuFdPJUTGpaJZ56N/D5ZKinv5WOFMJFWICsqMDzRj+TtIH9JgyjA+2+334GSz3D2nQxDo5zL1kHzvvIrK/WD0BVfRLnfbomPwMHqkbwieXea8+LpohcMgSJTzDewuGHz2A3w13YmTlF+NC9hJ'}]",,active,500 Auburn Folsom Rd Ste 330A-Auburn-CA-95603-956035645,work,physical,500 Auburn Folsom Rd Ste 330A Auburn CA 95603-5645,['500 Auburn Folsom Rd Ste 330A'],Auburn,CA,95603-5645,USA,-121.077382,38.88909,Location/a1050c4a9234270737bedd55f58e65eb71af4b9f6b4f579ee9c2e09fc4d47c62
https://public.fhir.flex.optum.com/R4/Location/d5fc4f0b58f94d9d9eb545321cb95788bcd8ff0ce24de0f455feef9ae0d3d631,Location,d5fc4f0b58f94d9d9eb545321cb95788bcd8ff0ce24de0f455feef9ae0d3d631,['http://hl7.org/fhir/us/davinci-pdex-plan-net/StructureDefinition/plannet-Location'],"[{'system': 'http://optum.com/fhir/wm/system/2021/07/resourceid', 'code': 'O8eYuFdPJUTGpaJZ56N/D5ZKinv5WOFMJFWICsqMDzRj+TtIH9JgyjA+2+334GSz3D2nQxDo5zL1kHzvvIrK/WD0BVfRLnfbomPwMHqkbwieXea8+LpohcMgSJTzDewuGHz2A3w13YmTlF+NC9hJ'}]",,active,26357 McBean Pkwy # 253-Santa Clarita-CA-91355-913554488,work,physical,26357 McBean Pkwy # 253 Santa Clarita CA 91355-4488,['26357 McBean Pkwy # 253'],Santa Clarita,CA,91355-4488,USA,-118.559607,34.411923,Location/d5fc4f0b58f94d9d9eb545321cb95788bcd8ff0ce24de0f455feef9ae0d3d631
https://public.fhir.flex.optum.com/R4/Location/b921fedfb069c8eb935a0356939da21ae897c380028ff917b6abb2780c72caf4,Location,b921fedfb069c8eb935a0356939da21ae897c380028ff917b6abb2780c72caf4,['http://hl7.org/fhir/us/davinci-pdex-plan-net/StructureDefinition/plannet-Location'],"[{'system': 'http://optum.com/fhir/wm/system/2021/07/resourceid', 'code': 'O8eYuFdPJUTGpaJZ56N/D5ZKinv5WOFMJFWICsqMDzRj+TtIH9JgyjA+2+334GSz3D2nQxDo5zL1kHzvvIrK/WD0BVfRLnfbomPwMHqkbwieXea8+LpohcMgSJTzDewuGHz2A3w13YmTlF+NC9hJ'}]",,active,3332 N Texas St Ste C-Fairfield-CA-94533-945339804,work,physical,3332 N Texas St Ste C Fairfield CA 94533-9804,['3332 N Texas St Ste C'],Fairfield,CA,94533-9804,USA,-122.033794,38.288674,Location/b921fedfb069c8eb935a0356939da21ae897c380028ff917b6abb2780c72caf4
https://public.fhir.flex.optum.com/R4/Location/96929962f9cabfd3569158c7b4b37bede2c5e06e5fbda117de48ed44e314ce2c,Location,96929962f9cabfd3569158c7b4b37bede2c5e06e5fbda117de48ed44e314ce2c,['http://hl7.org/fhir/us/davinci-pdex-plan-net/StructureDefinition/plannet-Location'],"[{'system': 'http://optum.com/fhir/wm/system/2021/07/resourceid', 'code': 'O8eYuFdPJUTGpaJZ56N/D5ZKinv5WOFMJFWICsqMDzRj+TtIH9JgyjA+2+334GSz3D2nQxDo5zL1kHzvvIrK/WD0BVfRLnfbomPwMHqkbwieXea8+LpohcMgSJTzDewuGHz2A3w13YmTlF+NC9hJ'}]","[{'url': 'http://hl7.org/fhir/us/davinci-pdex-plan-net/StructureDefinition/accessibility', 'valueCodeableConcept': {'coding': [{'system': 'http://hl7.org/fhir/us/davinci-pdex-plan-net/CodeSystem/AccessibilityCS', 'code': 'handiaccess', 'display': 'handicap accessible'}], 'text': 'Provides access to persons with disabilities.'}}]",active,2450 Ashby Ave Ste 5505-Berkeley-CA-94705-947052067,work,physical,2450 Ashby Ave Ste 5505 Berkeley CA 94705-2067,['2450 Ashby Ave Ste 5505'],Berkeley,CA,94705-2067,USA,-122.257349,37.856352,Location/96929962f9cabfd3569158c7b4b37bede2c5e06e5fbda117de48ed44e314ce2c
https://public.fhir.flex.optum.com/R4/Location/wDdOdfPADZDjEFYkr3QS3RpsnJ4Rc218wilSOcCrJ35,Location,wDdOdfPADZDjEFYkr3QS3RpsnJ4Rc218wilSOcCrJ35,['http://hl7.org/fhir/us/davinci-pdex-plan-net/StructureDefinition/plannet-Location'],"[{'system': 'http://optum.com/fhir/wm/system/2021/07/resourceid', 'code': 'O8eYuFdPJUTGpaJZ56N/D5ZKinv5WOFMJFWICsqMDzRj+TtIH9JgyjA+2+334GSz3D2nQxDo5zL1kHzvvIrK/WD0BVfRLnfbomPwMHqkbwieXea8+LpohcMgSJTzDewuGHz2A3w13YmTlF+NC9hJ'}]","[{'url': 'http://hl7.org/fhir/us/davinci-pdex-plan-net/StructureDefinition/accessibility', 'valueCodeableConcept': {'coding': [{'system': 'http://hl7.org/fhir/us/davinci-pdex-plan-net/CodeSystem/AccessibilityCS', 'code': 'handiaccess', 'display': 'handicap accessible'}], 'text': 'Provides access to persons with disabilities.'}}]",active,1774 S Broadway-Santa Maria-CA-93454-934547604,work,physical,1774 S Broadway Santa Maria CA 93454-7604,['1774 S Broadway'],Santa Maria,CA,93454-7604,USA,-120.435782,34.928448,Location/wDdOdfPADZDjEFYkr3QS3RpsnJ4Rc218wilSOcCrJ35
https://public.fhir.flex.optum.com/R4/Location/571c9addd1e53b557fca442c04f06e8000c5b2b6fef03742eda4dcd593b28837,Location,571c9addd1e53b557fca442c04f06e8000c5b2b6fef03742eda4dcd593b28837,['http://hl7.org/fhir/us/davinci-pdex-plan-net/StructureDefinition/plannet-Location'],"[{'system': 'http://optum.com/fhir/wm/system/2021/07/resourceid', 'code': 'O8eYuFdPJUTGpaJZ56N/D5ZKinv5WOFMJFWICsqMDzRj+TtIH9JgyjA+2+334GSz3D2nQxDo5zL1kHzvvIrK/WD0BVfRLnfbomPwMHqkbwieXea8+LpohcMgSJTzDewuGHz2A3w13YmTlF+NC9hJ'}]","[{'url': 'http://hl7.org/fhir/us/davinci-pdex-plan-net/StructureDefinition/accessibility', 'valueCodeableConcept': {'coding': [{'system': 'http://hl7.org/fhir/us/davinci-pdex-plan-net/CodeSystem/AccessibilityCS', 'code': 'handiaccess', 'display': 'handicap accessible'}], 'text': 'Provides access to persons with disabilities.'}}]",active,2561 El Camino Real-Carlsbad-CA-92008-920081202,work,physical,2561 El Camino Real Carlsbad CA 92008-1202,['2561 El Camino Real'],Carlsbad,CA,92008-1202,USA,-117.326963,33.178754,Location/571c9addd1e53b557fca442c04f06e8000c5b2b6fef03742eda4dcd593b28837
https://public.fhir.flex.optum.com/R4/Location/da4f01294d08e64dc3e51d1abc294df80ff07ea5626b70c49d2494d3f2031b09,Location,da4f01294d08e64dc3e51d1abc294df80ff07ea5626b70c49d2494d3f2031b09,['http://hl7.org/fhir/us/davinci-pdex-plan-net/StructureDefinition/plannet-Location'],"[{'system': 'http://optum.com/fhir/wm/system/2021/07/resourceid', 'code': 'O8eYuFdPJUTGpaJZ56N/D5ZKinv5WOFMJFWICsqMDzRj+TtIH9JgyjA+2+334GSz3D2nQxDo5zL1kHzvvIrK/WD0BVfRLnfbomPwMHqkbwieXea8+LpohcMgSJTzDewuGHz2A3w13YmTlF+NC9hJ'}]","[{'url': 'http://hl7.org/fhir/us/davinci-pdex-plan-net/StructureDefinition/accessibility', 'valueCodeableConcept': {'coding': [{'system': 'http://hl7.org/fhir/us/davinci-pdex-plan-net/CodeSystem/AccessibilityCS', 'code': 'handiaccess', 'display': 'handicap accessible'}], 'text': 'Provides access to persons with disabilities.'}}]",active,7910 Frost St Ste 425-San Diego-CA-92123-921232795,work,physical,7910 Frost St Ste 425 San Diego CA 92123-2795,['7910 Frost St Ste 425'],San Diego,CA,92123-2795,USA,-117.154332,32.800394,Location/da4f01294d08e64dc3e51d1abc294df80ff07ea5626b70c49d2494d3f2031b09
https://public.fhir.flex.optum.com/R4/Location/b75ab574e49be3963a9712733eb8eb4a064f167284a57d161c324463fa7e4317,Location,b75ab574e49be3963a9712733eb8eb4a064f167284a57d161c324463fa7e4317,['http://hl7.org/fhir/us/davinci-pdex-plan-net/StructureDefinition/plannet-Location'],"[{'system': 'http://optum.com/fhir/wm/system/2021/07/resourceid', 'code': 'O8eYuFdPJUTGpaJZ56N/D5ZKinv5WOFMJFWICsqMDzRj+TtIH9JgyjA+2+334GSz3D2nQxDo5zL1kHzvvIrK/WD0BVfRLnfbomPwMHqkbwieXea8+LpohcMgSJTzDewuGHz2A3w13YmTlF+NC9hJ'}]","[{'url': 'http://hl7.org/fhir/us/davinci-pdex-plan-net/StructureDefinition/accessibility', 'valueCodeableConcept': {'coding': [{'system': 'http://hl7.org/fhir/us/davinci-pdex-plan-net/CodeSystem/AccessibilityCS', 'code': 'handiaccess', 'display': 'handicap accessible'}], 'text': 'Provides access to persons with disabilities.'}}]",active,25880 Tournament Rd Ste 106-Valencia-CA-91355-913552381,work,physical,25880 Tournament Rd Ste 106 Valencia CA 91355-2381,['25880 Tournament Rd Ste 106'],Valencia,CA,91355-2381,USA,-118.562714,34.392053,Location/b75ab574e49be3963a9712733eb8eb4a064f167284a57d161c324463fa7e4317
https://public.fhir.flex.optum.com/R4/Location/bdd93977b58716e8be5418d4b38b389e630538a41f753bef4554dff95da45d13,Location,bdd93977b58716e8be5418d4b38b389e630538a41f753bef4554dff95da45d13,['http://hl7.org/fhir/us/davinci-pdex-plan-net/StructureDefinition/plannet-Location'],"[{'system': 'http://optum.com/fhir/wm/system/2021/07/resourceid', 'code': 'O8eYuFdPJUTGpaJZ56N/D5ZKinv5WOFMJFWICsqMDzRj+TtIH9JgyjA+2+334GSz3D2nQxDo5zL1kHzvvIrK/WD0BVfRLnfbomPwMHqkbwieXea8+LpohcMgSJTzDewuGHz2A3w13YmTlF+NC9hJ'}]",,active,2750 Sycamore Dr Ste 209-Simi Valley-CA-93065-930651500,work,physical,2750 Sycamore Dr Ste 209 Simi Valley CA 93065-1500,['2750 Sycamore Dr Ste 209'],Simi Valley,CA,93065-1500,USA,-118.743628,34.28505,Location/bdd93977b58716e8be5418d4b38b389e630538a41f753bef4554dff95da45d13
https://public.fhir.flex.optum.com/R4/Location/0e4c857d0145693896def36872544451371cbaab3cd10ec422afe6a7eb63663b,Location,0e4c857d0145693896def36872544451371cbaab3cd10ec422afe6a7eb63663b,['http://hl7.org/fhir/us/davinci-pdex-plan-net/StructureDefinition/plannet-Location'],"[{'system': 'http://optum.com/fhir/wm/system/2021/07/resourceid', 'code': 'O8eYuFdPJUTGpaJZ56N/D5ZKinv5WOFMJFWICsqMDzRj+TtIH9JgyjA+2+334GSz3D2nQxDo5zL1kHzvvIrK/WD0BVfRLnfbomPwMHqkbwieXea8+LpohcMgSJTzDewuGHz2A3w13YmTlF+NC9hJ'}]","[{'url': 'http://hl7.org/fhir/us/davinci-pdex-plan-net/StructureDefinition/accessibility', 'valueCodeableConcept': {'coding': [{'system': 'http://hl7.org/fhir/us/davinci-pdex-plan-net/CodeSystem/AccessibilityCS', 'code': 'handiaccess', 'display': 'handicap accessible'}], 'text': 'Provides access to persons with disabilities.'}}]",active,2314 W Burbank Blvd-Burbank-CA-91506-915061236,work,physical,2314 W Burbank Blvd Burbank CA 91506-1236,['2314 W Burbank Blvd'],Burbank,CA,91506-1236,USA,-118.336264,34.179212,Location/0e4c857d0145693896def36872544451371cbaab3cd10ec422afe6a7eb63663b
https://public.fhir.flex.optum.com/R4/Location/c1c4aee1cc255d24e196f4ea5d68f7d04901d4d28823f60ff6e34942d7af9d0e,Location,c1c4aee1cc255d24e196f4ea5d68f7d04901d4d28823f60ff6e34942d7af9d0e,['http://hl7.org/fhir/us/davinci-pdex-plan-net/StructureDefinition/plannet-Location'],"[{'system': 'http://optum.com/fhir/wm/system/2021/07/resourceid', 'code': 'O8eYuFdPJUTGpaJZ56N/D5ZKinv5WOFMJFWICsqMDzRj+TtIH9JgyjA+2+334GSz3D2nQxDo5zL1kHzvvIrK/WD0BVfRLnfbomPwMHqkbwieXea8+LpohcMgSJTzDewuGHz2A3w13YmTlF+NC9hJ'}]","[{'url': 'http://hl7.org/fhir/us/davinci-pdex-plan-net/StructureDefinition/accessibility', 'valueCodeableConcept': {'coding': [{'system': 'http://hl7.org/fhir/us/davinci-pdex-plan-net/CodeSystem/AccessibilityCS', 'code': 'handiaccess', 'display': 'handicap accessible'}], 'text': 'Provides access to persons with disabilities.'}}]",active,8920 Wilshire Blvd Ste 516-Beverly Hills-CA-90211-902111949,work,physical,8920 Wilshire Blvd Ste 516 Beverly Hills CA 90211-1949,['8920 Wilshire Blvd Ste 516'],Beverly Hills,CA,90211-1949,USA,-118.38639,34.066928,Location/c1c4aee1cc255d24e196f4ea5d68f7d04901d4d28823f60ff6e34942d7af9d0e
https://public.fhir.flex.optum.com/R4/Location/02a6a33c85ac116e8a16d25ed1d1959094511126ac67ddfa03ab6ae41271f3e1,Location,02a6a33c85ac116e8a16d25ed1d1959094511126ac67ddfa03ab6ae41271f3e1,['http://hl7.org/fhir/us/davinci-pdex-plan-net/StructureDefinition/plannet-Location'],"[{'system': 'http://optum.com/fhir/wm/system/2021/07/resourceid', 'code': 'O8eYuFdPJUTGpaJZ56N/D5ZKinv5WOFMJFWICsqMDzRj+TtIH9JgyjA+2+334GSz3D2nQxDo5zL1kHzvvIrK/WD0BVfRLnfbomPwMHqkbwieXea8+LpohcMgSJTzDewuGHz2A3w13YmTlF+NC9hJ'}]","[{'url': 'http://hl7.org/fhir/us/davinci-pdex-plan-net/StructureDefinition/accessibility', 'valueCodeableConcept': {'coding': [{'system': 'http://hl7.org/fhir/us/davinci-pdex-plan-net/CodeSystem/AccessibilityCS', 'code': 'handiaccess', 'display': 'handicap accessible'}], 'text': 'Provides access to persons with disabilities.'}}]",active,146 N Maag Ave Ste B-Oakdale-CA-95361-953612249,work,physical,146 N Maag Ave Ste B Oakdale CA 95361-2249,['146 N Maag Ave Ste B'],Oakdale,CA,95361-2249,USA,-120.83207,37.773604,Location/02a6a33c85ac116e8a16d25ed1d1959094511126ac67ddfa03ab6ae41271f3e1
https://public.fhir.flex.optum.com/R4/Location/6c53a87ab11bf4f6eecdd2d7b42713871baafc6bfc7ff079c084ac521effedad,Location,6c53a87ab11bf4f6eecdd2d7b42713871baafc6bfc7ff079c084ac521effedad,['http://hl7.org/fhir/us/davinci-pdex-plan-net/StructureDefinition/plannet-Location'],"[{'system': 'http://optum.com/fhir/wm/system/2021/07/resourceid', 'code': 'O8eYuFdPJUTGpaJZ56N/D5ZKinv5WOFMJFWICsqMDzRj+TtIH9JgyjA+2+334GSz3D2nQxDo5zL1kHzvvIrK/WD0BVfRLnfbomPwMHqkbwieXea8+LpohcMgSJTzDewuGHz2A3w13YmTlF+NC9hJ'}]","[{'url': 'http://hl7.org/fhir/us/davinci-pdex-plan-net/StructureDefinition/accessibility', 'valueCodeableConcept': {'coding': [{'system': 'http://hl7.org/fhir/us/davinci-pdex-plan-net/CodeSystem/AccessibilityCS', 'code': 'handiaccess', 'display': 'handicap accessible'}], 'text': 'Provides access to persons with disabilities.'}}]",active,990 Sonoma Ave Ste 18A-Santa Rosa-CA-95404-954044813,work,physical,990 Sonoma Ave Ste 18A Santa Rosa CA 95404-4813,['990 Sonoma Ave Ste 18A'],Santa Rosa,CA,95404-4813,USA,-122.701946,38.440486,Location/6c53a87ab11bf4f6eecdd2d7b42713871baafc6bfc7ff079c084ac521effedad
https://public.fhir.flex.optum.com/R4/Location/f92e6bc62051ce102126628d22acb5aac9b6fdbbc25aa9974572fa20dad5749b,Location,f92e6bc62051ce102126628d22acb5aac9b6fdbbc25aa9974572fa20dad5749b,['http://hl7.org/fhir/us/davinci-pdex-plan-net/StructureDefinition/plannet-Location'],"[{'system': 'http://optum.com/fhir/wm/system/2021/07/resourceid', 'code': 'O8eYuFdPJUTGpaJZ56N/D5ZKinv5WOFMJFWICsqMDzRj+TtIH9JgyjA+2+334GSz3D2nQxDo5zL1kHzvvIrK/WD0BVfRLnfbomPwMHqkbwieXea8+LpohcMgSJTzDewuGHz2A3w13YmTlF+NC9hJ'}]","[{'url': 'http://hl7.org/fhir/us/davinci-pdex-plan-net/StructureDefinition/accessibility', 'valueCodeableConcept': {'coding': [{'system': 'http://hl7.org/fhir/us/davinci-pdex-plan-net/CodeSystem/AccessibilityCS', 'code': 'handiaccess', 'display': 'handicap accessible'}], 'text': 'Provides access to persons with disabilities.'}}]",active,16300 Sand Canyon Ave Ste 805-Irvine-CA-92618-926183708,work,physical,16300 Sand Canyon Ave Ste 805 Irvine CA 92618-3708,['16300 Sand Canyon Ave Ste 805'],Irvine,CA,92618-3708,USA,-117.774275,33.66094,Location/f92e6bc62051ce102126628d22acb5aac9b6fdbbc25aa9974572fa20dad5749b
https://public.fhir.flex.optum.com/R4/Location/adc6abeb5ec2d5be74befae28a1e88f33b268faa09db87a6f2953b57d6fa6056,Location,adc6abeb5ec2d5be74befae28a1e88f33b268faa09db87a6f2953b57d6fa6056,['http://hl7.org/fhir/us/davinci-pdex-plan-net/StructureDefinition/plannet-Location'],"[{'system': 'http://optum.com/fhir/wm/system/2021/07/resourceid', 'code': 'O8eYuFdPJUTGpaJZ56N/D5ZKinv5WOFMJFWICsqMDzRj+TtIH9JgyjA+2+334GSz3D2nQxDo5zL1kHzvvIrK/WD0BVfRLnfbomPwMHqkbwieXea8+LpohcMgSJTzDewuGHz2A3w13YmTlF+NC9hJ'}]",,active,255 N San Mateo Dr Ste 2-San Mateo-CA-94401-944012671,work,physical,255 N San Mateo Dr Ste 2 San Mateo CA 94401-2671,['255 N San Mateo Dr Ste 2'],San Mateo,CA,94401-2671,USA,-122.330853,37.570506,Location/adc6abeb5ec2d5be74befae28a1e88f33b268faa09db87a6f2953b57d6fa6056
https://public.fhir.flex.optum.com/R4/Location/2571b8714f03472040ed506028de65029b1eb229149e36b651517ae8001994bb,Location,2571b8714f03472040ed506028de65029b1eb229149e36b651517ae8001994bb,['http://hl7.org/fhir/us/davinci-pdex-plan-net/StructureDefinition/plannet-Location'],"[{'system': 'http://optum.com/fhir/wm/system/2021/07/resourceid', 'code': 'O8eYuFdPJUTGpaJZ56N/D5ZKinv5WOFMJFWICsqMDzRj+TtIH9JgyjA+2+334GSz3D2nQxDo5zL1kHzvvIrK/WD0BVfRLnfbomPwMHqkbwieXea8+LpohcMgSJTzDewuGHz2A3w13YmTlF+NC9hJ'}]","[{'url': 'http://hl7.org/fhir/us/davinci-pdex-plan-net/StructureDefinition/accessibility', 'valueCodeableConcept': {'coding': [{'system': 'http://hl7.org/fhir/us/davinci-pdex-plan-net/CodeSystem/AccessibilityCS', 'code': 'handiaccess', 'display': 'handicap accessible'}], 'text': 'Provides access to persons with disabilities.'}}]",active,4150 Regents Park Row Ste 265-La Jolla-CA-92037-920371417,work,physical,4150 Regents Park Row Ste 265 La Jolla CA 92037-1417,['4150 Regents Park Row Ste 265'],La Jolla,CA,92037-1417,USA,-117.217265,32.872832,Location/2571b8714f03472040ed506028de65029b1eb229149e36b651517ae8001994bb
https://public.fhir.flex.optum.com/R4/Location/b27b9092dc018f2b7154a28b79c263b0c1da405663f9b899c6e61d8f359cdf66,Location,b27b9092dc018f2b7154a28b79c263b0c1da405663f9b899c6e61d8f359cdf66,['http://hl7.org/fhir/us/davinci-pdex-plan-net/StructureDefinition/plannet-Location'],"[{'system': 'http://optum.com/fhir/wm/system/2021/07/resourceid', 'code': 'O8eYuFdPJUTGpaJZ56N/D5ZKinv5WOFMJFWICsqMDzRj+TtIH9JgyjA+2+334GSz3D2nQxDo5zL1kHzvvIrK/WD0BVfRLnfbomPwMHqkbwieXea8+LpohcMgSJTzDewuGHz2A3w13YmTlF+NC9hJ'}]",,active,446 Old Newport Blvd Ste 100-Newport Beach-CA-92663-926634246,work,physical,446 Old Newport Blvd Ste 100 Newport Beach CA 92663-4246,['446 Old Newport Blvd Ste 100'],Newport Beach,CA,92663-4246,USA,-117.926073,33.627143,Location/b27b9092dc018f2b7154a28b79c263b0c1da405663f9b899c6e61d8f359cdf66
https://public.fhir.flex.optum.com/R4/Location/edaef6cc83fec693e00d1180357bc4ba4843705dc5c044f8beebd97732f06cf0,Location,edaef6cc83fec693e00d1180357bc4ba4843705dc5c044f8beebd97732f06cf0,['http://hl7.org/fhir/us/davinci-pdex-plan-net/StructureDefinition/plannet-Location'],"[{'system': 'http://optum.com/fhir/wm/system/2021/07/resourceid', 'code': 'O8eYuFdPJUTGpaJZ56N/D5ZKinv5WOFMJFWICsqMDzRj+TtIH9JgyjA+2+334GSz3D2nQxDo5zL1kHzvvIrK/WD0BVfRLnfbomPwMHqkbwieXea8+LpohcMgSJTzDewuGHz2A3w13YmTlF+NC9hJ'}]",,active,440 Greenfield Ave Ste H-Hanford-CA-93230-932303568,work,physical,440 Greenfield Ave Ste H Hanford CA 93230-3568,['440 Greenfield Ave Ste H'],Hanford,CA,93230-3568,USA,-119.658359,36.328848,Location/edaef6cc83fec693e00d1180357bc4ba4843705dc5c044f8beebd97732f06cf0
https://public.fhir.flex.optum.com/R4/Location/a2d1a2daa7765db2d0d5c9489fc10176930240b16e91b899a0ebf8ec1226b359,Location,a2d1a2daa7765db2d0d5c9489fc10176930240b16e91b899a0ebf8ec1226b359,['http://hl7.org/fhir/us/davinci-pdex-plan-net/StructureDefinition/plannet-Location'],"[{'system': 'http://optum.com/fhir/wm/system/2021/07/resourceid', 'code': 'O8eYuFdPJUTGpaJZ56N/D5ZKinv5WOFMJFWICsqMDzRj+TtIH9JgyjA+2+334GSz3D2nQxDo5zL1kHzvvIrK/WD0BVfRLnfbomPwMHqkbwieXea8+LpohcMgSJTzDewuGHz2A3w13YmTlF+NC9hJ'}]",,active,24013 Ventura Blvd Ste 101-Calabasas-CA-91302-913021149,work,physical,24013 Ventura Blvd Ste 101 Calabasas CA 91302-1149,['24013 Ventura Blvd Ste 101'],Calabasas,CA,91302-1149,USA,-118.652026,34.154641,Location/a2d1a2daa7765db2d0d5c9489fc10176930240b16e91b899a0ebf8ec1226b359
https://public.fhir.flex.optum.com/R4/Location/bc069985bee70ffb5ac618c8051ec35253d45c813e44178e8087e790c9659d4a,Location,bc069985bee70ffb5ac618c8051ec35253d45c813e44178e8087e790c9659d4a,['http://hl7.org/fhir/us/davinci-pdex-plan-net/StructureDefinition/plannet-Location'],"[{'system': 'http://optum.com/fhir/wm/system/2021/07/resourceid', 'code': 'O8eYuFdPJUTGpaJZ56N/D5ZKinv5WOFMJFWICsqMDzRj+TtIH9JgyjA+2+334GSz3D2nQxDo5zL1kHzvvIrK/WD0BVfRLnfbomPwMHqkbwieXea8+LpohcMgSJTzDewuGHz2A3w13YmTlF+NC9hJ'}]","[{'url': 'http://hl7.org/fhir/us/davinci-pdex-plan-net/StructureDefinition/accessibility', 'valueCodeableConcept': {'coding': [{'system': 'http://hl7.org/fhir/us/davinci-pdex-plan-net/CodeSystem/AccessibilityCS', 'code': 'handiaccess', 'display': 'handicap accessible'}], 'text': 'Provides access to persons with disabilities.'}}]",active,1275 E Spruce Ave Ste 101-Fresno-CA-93720-937203372,work,physical,1275 E Spruce Ave Ste 101 Fresno CA 93720-3372,['1275 E Spruce Ave Ste 101'],Fresno,CA,93720-3372,USA,-119.760144,36.841781,Location/bc069985bee70ffb5ac618c8051ec35253d45c813e44178e8087e790c9659d4a
https://public.fhir.flex.optum.com/R4/Location/c384e3abe34208a1af1115d8cf63d19f78d50d7ac43844414f784b74303228aa,Location,c384e3abe34208a1af1115d8cf63d19f78d50d7ac43844414f784b74303228aa,['http://hl7.org/fhir/us/davinci-pdex-plan-net/StructureDefinition/plannet-Location'],"[{'system': 'http://optum.com/fhir/wm/system/2021/07/resourceid', 'code': 'O8eYuFdPJUTGpaJZ56N/D5ZKinv5WOFMJFWICsqMDzRj+TtIH9JgyjA+2+334GSz3D2nQxDo5zL1kHzvvIrK/WD0BVfRLnfbomPwMHqkbwieXea8+LpohcMgSJTzDewuGHz2A3w13YmTlF+NC9hJ'}]","[{'url': 'http://hl7.org/fhir/us/davinci-pdex-plan-net/StructureDefinition/accessibility', 'valueCodeableConcept': {'coding': [{'system': 'http://hl7.org/fhir/us/davinci-pdex-plan-net/CodeSystem/AccessibilityCS', 'code': 'handiaccess', 'display': 'handicap accessible'}], 'text': 'Provides access to persons with disabilities.'}}]",active,701 E Santa Clara St Ste 46-Ventura-CA-93001-930015972,work,physical,701 E Santa Clara St Ste 46 Ventura CA 93001-5972,['701 E Santa Clara St Ste 46'],Ventura,CA,93001-5972,USA,-119.289849,34.279686,Location/c384e3abe34208a1af1115d8cf63d19f78d50d7ac43844414f784b74303228aa
https://public.fhir.flex.optum.com/R4/Location/a3806288c41ef0ee209308a6bf42176b7dcde0e28a0215a241382e452d7cec7c,Location,a3806288c41ef0ee209308a6bf42176b7dcde0e28a0215a241382e452d7cec7c,['http://hl7.org/fhir/us/davinci-pdex-plan-net/StructureDefinition/plannet-Location'],"[{'system': 'http://optum.com/fhir/wm/system/2021/07/resourceid', 'code': 'O8eYuFdPJUTGpaJZ56N/D5ZKinv5WOFMJFWICsqMDzRj+TtIH9JgyjA+2+334GSz3D2nQxDo5zL1kHzvvIrK/WD0BVfRLnfbomPwMHqkbwieXea8+LpohcMgSJTzDewuGHz2A3w13YmTlF+NC9hJ'}]",,active,914 Washburn Ave Ste 5-Corona-CA-92882-928824362,work,physical,914 Washburn Ave Ste 5 Corona CA 92882-4362,['914 Washburn Ave Ste 5'],Corona,CA,92882-4362,USA,-117.568314,33.871788,Location/a3806288c41ef0ee209308a6bf42176b7dcde0e28a0215a241382e452d7cec7c
https://public.fhir.flex.optum.com/R4/Location/265e16a7445ae7b813a17b26a390d0d5e7ae2f867d88958e5359dc2b3b816281,Location,265e16a7445ae7b813a17b26a390d0d5e7ae2f867d88958e5359dc2b3b816281,['http://hl7.org/fhir/us/davinci-pdex-plan-net/StructureDefinition/plannet-Location'],"[{'system': 'http://optum.com/fhir/wm/system/2021/07/resourceid', 'code': 'O8eYuFdPJUTGpaJZ56N/D5ZKinv5WOFMJFWICsqMDzRj+TtIH9JgyjA+2+334GSz3D2nQxDo5zL1kHzvvIrK/WD0BVfRLnfbomPwMHqkbwieXea8+LpohcMgSJTzDewuGHz2A3w13YmTlF+NC9hJ'}]","[{'url': 'http://hl7.org/fhir/us/davinci-pdex-plan-net/StructureDefinition/accessibility', 'valueCodeableConcept': {'coding': [{'system': 'http://hl7.org/fhir/us/davinci-pdex-plan-net/CodeSystem/AccessibilityCS', 'code': 'handiaccess', 'display': 'handicap accessible'}], 'text': 'Provides access to persons with disabilities.'}}]",active,809 Sylvan Ave Ste 103-Modesto-CA-95350-953501500,work,physical,809 Sylvan Ave Ste 103 Modesto CA 95350-1500,['809 Sylvan Ave Ste 103'],Modesto,CA,95350-1500,USA,-120.983981,37.689111,Location/265e16a7445ae7b813a17b26a390d0d5e7ae2f867d88958e5359dc2b3b816281
https://public.fhir.flex.optum.com/R4/Location/073425a40564a6cd25ed2c159943b2b124a2122809ea6e03327e9ad6a9ba87e7,Location,073425a40564a6cd25ed2c159943b2b124a2122809ea6e03327e9ad6a9ba87e7,['http://hl7.org/fhir/us/davinci-pdex-plan-net/StructureDefinition/plannet-Location'],"[{'system': 'http://optum.com/fhir/wm/system/2021/07/resourceid', 'code': 'O8eYuFdPJUTGpaJZ56N/D5ZKinv5WOFMJFWICsqMDzRj+TtIH9JgyjA+2+334GSz3D2nQxDo5zL1kHzvvIrK/WD0BVfRLnfbomPwMHqkbwieXea8+LpohcMgSJTzDewuGHz2A3w13YmTlF+NC9hJ'}]","[{'url': 'http://hl7.org/fhir/us/davinci-pdex-plan-net/StructureDefinition/accessibility', 'valueCodeableConcept': {'coding': [{'system': 'http://hl7.org/fhir/us/davinci-pdex-plan-net/CodeSystem/AccessibilityCS', 'code': 'handiaccess', 'display': 'handicap accessible'}], 'text': 'Provides access to persons with disabilities.'}}]",active,46 Sweet Flds-Buena Park-CA-90620-906204172,work,physical,46 Sweet Flds Buena Park CA 90620-4172,['46 Sweet Flds'],Buena Park,CA,90620-4172,USA,-118.018381,33.832163,Location/073425a40564a6cd25ed2c159943b2b124a2122809ea6e03327e9ad6a9ba87e7
https://public.fhir.flex.optum.com/R4/Location/e607bba75b3f8c86042e4cd0fe4f1026a24a696fa1a828a4f72c328117196153,Location,e607bba75b3f8c86042e4cd0fe4f1026a24a696fa1a828a4f72c328117196153,['http://hl7.org/fhir/us/davinci-pdex-plan-net/StructureDefinition/plannet-Location'],"[{'system': 'http://optum.com/fhir/wm/system/2021/07/resourceid', 'code': 'O8eYuFdPJUTGpaJZ56N/D5ZKinv5WOFMJFWICsqMDzRj+TtIH9JgyjA+2+334GSz3D2nQxDo5zL1kHzvvIrK/WD0BVfRLnfbomPwMHqkbwieXea8+LpohcMgSJTzDewuGHz2A3w13YmTlF+NC9hJ'}]","[{'url': 'http://hl7.org/fhir/us/davinci-pdex-plan-net/StructureDefinition/accessibility', 'valueCodeableConcept': {'coding': [{'system': 'http://hl7.org/fhir/us/davinci-pdex-plan-net/CodeSystem/AccessibilityCS', 'code': 'handiaccess', 'display': 'handicap accessible'}], 'text': 'Provides access to persons with disabilities.'}}]",active,760 Westwood Plz Rm 57-447-Los Angeles-CA-90095-900958353,work,physical,760 Westwood Plz Rm 57-447 Los Angeles CA 90095-8353,['760 Westwood Plz Rm 57-447'],Los Angeles,CA,90095-8353,USA,-118.44508,34.066293,Location/e607bba75b3f8c86042e4cd0fe4f1026a24a696fa1a828a4f72c328117196153
https://public.fhir.flex.optum.com/R4/Location/6a5ccc9abe52e5da7c5061bf0dc1dd4a8af0a235df1311280791106b8943fe55,Location,6a5ccc9abe52e5da7c5061bf0dc1dd4a8af0a235df1311280791106b8943fe55,['http://hl7.org/fhir/us/davinci-pdex-plan-net/StructureDefinition/plannet-Location'],"[{'system': 'http://optum.com/fhir/wm/system/2021/07/resourceid', 'code': 'O8eYuFdPJUTGpaJZ56N/D5ZKinv5WOFMJFWICsqMDzRj+TtIH9JgyjA+2+334GSz3D2nQxDo5zL1kHzvvIrK/WD0BVfRLnfbomPwMHqkbwieXea8+LpohcMgSJTzDewuGHz2A3w13YmTlF+NC9hJ'}]","[{'url': 'http://hl7.org/fhir/us/davinci-pdex-plan-net/StructureDefinition/accessibility', 'valueCodeableConcept': {'coding': [{'system': 'http://hl7.org/fhir/us/davinci-pdex-plan-net/CodeSystem/AccessibilityCS', 'code': 'handiaccess', 'display': 'handicap accessible'}], 'text': 'Provides access to persons with disabilities.'}}]",active,1544 Travis Blvd-Fairfield-CA-94533-945333427,work,physical,1544 Travis Blvd Fairfield CA 94533-3427,['1544 Travis Blvd'],Fairfield,CA,94533-3427,USA,-122.055835,38.258289,Location/6a5ccc9abe52e5da7c5061bf0dc1dd4a8af0a235df1311280791106b8943fe55
https://public.fhir.flex.optum.com/R4/Location/b13fa8005c9486c323a9619b4b25dbb7b68389af14af0b991d92a27ce8e1b9a4,Location,b13fa8005c9486c323a9619b4b25dbb7b68389af14af0b991d92a27ce8e1b9a4,['http://hl7.org/fhir/us/davinci-pdex-plan-net/StructureDefinition/plannet-Location'],"[{'system': 'http://optum.com/fhir/wm/system/2021/07/resourceid', 'code': 'O8eYuFdPJUTGpaJZ56N/D5ZKinv5WOFMJFWICsqMDzRj+TtIH9JgyjA+2+334GSz3D2nQxDo5zL1kHzvvIrK/WD0BVfRLnfbomPwMHqkbwieXea8+LpohcMgSJTzDewuGHz2A3w13YmTlF+NC9hJ'}]","[{'url': 'http://hl7.org/fhir/us/davinci-pdex-plan-net/StructureDefinition/accessibility', 'valueCodeableConcept': {'coding': [{'system': 'http://hl7.org/fhir/us/davinci-pdex-plan-net/CodeSystem/AccessibilityCS', 'code': 'handiaccess', 'display': 'handicap accessible'}], 'text': 'Provides access to persons with disabilities.'}}]",active,4225 Balboa Ave-San Diego-CA-92117-921175504,work,physical,4225 Balboa Ave San Diego CA 92117-5504,['4225 Balboa Ave'],San Diego,CA,92117-5504,USA,-117.199748,32.811546,Location/b13fa8005c9486c323a9619b4b25dbb7b68389af14af0b991d92a27ce8e1b9a4
https://public.fhir.flex.optum.com/R4/Location/8a5e04b05b30afd114d254add4bb47d325483b2e2ac7123bb031cbe8f71c1883,Location,8a5e04b05b30afd114d254add4bb47d325483b2e2ac7123bb031cbe8f71c1883,['http://hl7.org/fhir/us/davinci-pdex-plan-net/StructureDefinition/plannet-Location'],"[{'system': 'http://optum.com/fhir/wm/system/2021/07/resourceid', 'code': 'O8eYuFdPJUTGpaJZ56N/D5ZKinv5WOFMJFWICsqMDzRj+TtIH9JgyjA+2+334GSz3D2nQxDo5zL1kHzvvIrK/WD0BVfRLnfbomPwMHqkbwieXea8+LpohcMgSJTzDewuGHz2A3w13YmTlF+NC9hJ'}]",,active,1039 W Florence Ave-Los Angeles-CA-90044-900442441,work,physical,1039 W Florence Ave Los Angeles CA 90044-2441,['1039 W Florence Ave'],Los Angeles,CA,90044-2441,USA,-118.293178,33.974751,Location/8a5e04b05b30afd114d254add4bb47d325483b2e2ac7123bb031cbe8f71c1883
https://public.fhir.flex.optum.com/R4/Location/ee66c0da35641e725839a10055a9749b0e0b6cf72ae14107d263770c7485176f,Location,ee66c0da35641e725839a10055a9749b0e0b6cf72ae14107d263770c7485176f,['http://hl7.org/fhir/us/davinci-pdex-plan-net/StructureDefinition/plannet-Location'],"[{'system': 'http://optum.com/fhir/wm/system/2021/07/resourceid', 'code': 'O8eYuFdPJUTGpaJZ56N/D5ZKinv5WOFMJFWICsqMDzRj+TtIH9JgyjA+2+334GSz3D2nQxDo5zL1kHzvvIrK/WD0BVfRLnfbomPwMHqkbwieXea8+LpohcMgSJTzDewuGHz2A3w13YmTlF+NC9hJ'}]","[{'url': 'http://hl7.org/fhir/us/davinci-pdex-plan-net/StructureDefinition/accessibility', 'valueCodeableConcept': {'coding': [{'system': 'http://hl7.org/fhir/us/davinci-pdex-plan-net/CodeSystem/AccessibilityCS', 'code': 'handiaccess', 'display': 'handicap accessible'}], 'text': 'Provides access to persons with disabilities.'}}]",active,3364 Beyer Blvd Ste 103-San Ysidro-CA-92173-921731322,work,physical,3364 Beyer Blvd Ste 103 San Ysidro CA 92173-1322,['3364 Beyer Blvd Ste 103'],San Ysidro,CA,92173-1322,USA,-117.06101,32.566267,Location/ee66c0da35641e725839a10055a9749b0e0b6cf72ae14107d263770c7485176f
https://public.fhir.flex.optum.com/R4/Location/723d4fb5c585a78165957ee655acd1b3e9f157d4b5982254257ea0b67b104e41,Location,723d4fb5c585a78165957ee655acd1b3e9f157d4b5982254257ea0b67b104e41,['http://hl7.org/fhir/us/davinci-pdex-plan-net/StructureDefinition/plannet-Location'],"[{'system': 'http://optum.com/fhir/wm/system/2021/07/resourceid', 'code': 'O8eYuFdPJUTGpaJZ56N/D5ZKinv5WOFMJFWICsqMDzRj+TtIH9JgyjA+2+334GSz3D2nQxDo5zL1kHzvvIrK/WD0BVfRLnfbomPwMHqkbwieXea8+LpohcMgSJTzDewuGHz2A3w13YmTlF+NC9hJ'}]",,active,700 W Olive Ave Ste F-Merced-CA-95348-953482435,work,physical,700 W Olive Ave Ste F Merced CA 95348-2435,['700 W Olive Ave Ste F'],Merced,CA,95348-2435,USA,-120.480422,37.319066,Location/723d4fb5c585a78165957ee655acd1b3e9f157d4b5982254257ea0b67b104e41
https://public.fhir.flex.optum.com/R4/Location/6972b267337a3417cbaf7b602a6435147fc76a064e5d6a595466a637b1abef74,Location,6972b267337a3417cbaf7b602a6435147fc76a064e5d6a595466a637b1abef74,['http://hl7.org/fhir/us/davinci-pdex-plan-net/StructureDefinition/plannet-Location'],"[{'system': 'http://optum.com/fhir/wm/system/2021/07/resourceid', 'code': 'O8eYuFdPJUTGpaJZ56N/D5ZKinv5WOFMJFWICsqMDzRj+TtIH9JgyjA+2+334GSz3D2nQxDo5zL1kHzvvIrK/WD0BVfRLnfbomPwMHqkbwieXea8+LpohcMgSJTzDewuGHz2A3w13YmTlF+NC9hJ'}]","[{'url': 'http://hl7.org/fhir/us/davinci-pdex-plan-net/StructureDefinition/accessibility', 'valueCodeableConcept': {'coding': [{'system': 'http://hl7.org/fhir/us/davinci-pdex-plan-net/CodeSystem/AccessibilityCS', 'code': 'handiaccess', 'display': 'handicap accessible'}], 'text': 'Provides access to persons with disabilities.'}}]",active,5742 Beach Blvd-Buena Park-CA-90621-906212043,work,physical,5742 Beach Blvd Buena Park CA 90621-2043,['5742 Beach Blvd'],Buena Park,CA,90621-2043,USA,-117.998024,33.876156,Location/6972b267337a3417cbaf7b602a6435147fc76a064e5d6a595466a637b1abef74
https://public.fhir.flex.optum.com/R4/Location/CI6DvDow90IbpER2qYoPMDVVbuXZlSiH3WIHGsMBd3R,Location,CI6DvDow90IbpER2qYoPMDVVbuXZlSiH3WIHGsMBd3R,['http://hl7.org/fhir/us/davinci-pdex-plan-net/StructureDefinition/plannet-Location'],"[{'system': 'http://optum.com/fhir/wm/system/2021/07/resourceid', 'code': 'O8eYuFdPJUTGpaJZ56N/D5ZKinv5WOFMJFWICsqMDzRj+TtIH9JgyjA+2+334GSz3D2nQxDo5zL1kHzvvIrK/WD0BVfRLnfbomPwMHqkbwieXea8+LpohcMgSJTzDewuGHz2A3w13YmTlF+NC9hJ'}]",,active,3113 Professional Dr Ste 4-Auburn-CA-95603-956032459,work,physical,3113 Professional Dr Ste 4 Auburn CA 95603-2459,['3113 Professional Dr Ste 4'],Auburn,CA,95603-2459,USA,-121.100932,38.940717,Location/CI6DvDow90IbpER2qYoPMDVVbuXZlSiH3WIHGsMBd3R
https://public.fhir.flex.optum.com/R4/Location/7508a5dbad3f8eb452c52baa27744ee540dbdfcbaac013d6d8f9399c214ecc1b,Location,7508a5dbad3f8eb452c52baa27744ee540dbdfcbaac013d6d8f9399c214ecc1b,['http://hl7.org/fhir/us/davinci-pdex-plan-net/StructureDefinition/plannet-Location'],"[{'system': 'http://optum.com/fhir/wm/system/2021/07/resourceid', 'code': 'O8eYuFdPJUTGpaJZ56N/D5ZKinv5WOFMJFWICsqMDzRj+TtIH9JgyjA+2+334GSz3D2nQxDo5zL1kHzvvIrK/WD0BVfRLnfbomPwMHqkbwieXea8+LpohcMgSJTzDewuGHz2A3w13YmTlF+NC9hJ'}]",,active,2452 Fenton St # C101-Chula Vista-CA-91914-919143599,work,physical,2452 Fenton St # C101 Chula Vista CA 91914-3599,['2452 Fenton St # C101'],Chula Vista,CA,91914-3599,USA,-116.955434,32.65136,Location/7508a5dbad3f8eb452c52baa27744ee540dbdfcbaac013d6d8f9399c214ecc1b
https://public.fhir.flex.optum.com/R4/Location/e7dced444b9210347c57fe3f77791d9288a7785f009631555dae840b5134b7cd,Location,e7dced444b9210347c57fe3f77791d9288a7785f009631555dae840b5134b7cd,['http://hl7.org/fhir/us/davinci-pdex-plan-net/StructureDefinition/plannet-Location'],"[{'system': 'http://optum.com/fhir/wm/system/2021/07/resourceid', 'code': 'O8eYuFdPJUTGpaJZ56N/D5ZKinv5WOFMJFWICsqMDzRj+TtIH9JgyjA+2+334GSz3D2nQxDo5zL1kHzvvIrK/WD0BVfRLnfbomPwMHqkbwieXea8+LpohcMgSJTzDewuGHz2A3w13YmTlF+NC9hJ'}]",,active,7624 Painter Ave Ste 100-Whittier-CA-90602-906022327,work,physical,7624 Painter Ave Ste 100 Whittier CA 90602-2327,['7624 Painter Ave Ste 100'],Whittier,CA,90602-2327,USA,-118.032514,33.972809,Location/e7dced444b9210347c57fe3f77791d9288a7785f009631555dae840b5134b7cd
https://public.fhir.flex.optum.com/R4/Location/be1fd9abebef1501591266e3dd07388c5a81e4d6c3f49b914810d7646010e8d5,Location,be1fd9abebef1501591266e3dd07388c5a81e4d6c3f49b914810d7646010e8d5,['http://hl7.org/fhir/us/davinci-pdex-plan-net/StructureDefinition/plannet-Location'],"[{'system': 'http://optum.com/fhir/wm/system/2021/07/resourceid', 'code': 'O8eYuFdPJUTGpaJZ56N/D5ZKinv5WOFMJFWICsqMDzRj+TtIH9JgyjA+2+334GSz3D2nQxDo5zL1kHzvvIrK/WD0BVfRLnfbomPwMHqkbwieXea8+LpohcMgSJTzDewuGHz2A3w13YmTlF+NC9hJ'}]","[{'url': 'http://hl7.org/fhir/us/davinci-pdex-plan-net/StructureDefinition/accessibility', 'valueCodeableConcept': {'coding': [{'system': 'http://hl7.org/fhir/us/davinci-pdex-plan-net/CodeSystem/AccessibilityCS', 'code': 'handiaccess', 'display': 'handicap accessible'}], 'text': 'Provides access to persons with disabilities.'}}]",active,728 Pacific Ave Ste 608-San Francisco-CA-94133-941334449,work,physical,728 Pacific Ave Ste 608 San Francisco CA 94133-4449,['728 Pacific Ave Ste 608'],San Francisco,CA,94133-4449,USA,-122.407277,37.797007,Location/be1fd9abebef1501591266e3dd07388c5a81e4d6c3f49b914810d7646010e8d5
https://public.fhir.flex.optum.com/R4/Location/b166372c908ff54331b3e7e4b6a60f9455f0a0e0f43f192ecbe3f2fa4d52fa2d,Location,b166372c908ff54331b3e7e4b6a60f9455f0a0e0f43f192ecbe3f2fa4d52fa2d,['http://hl7.org/fhir/us/davinci-pdex-plan-net/StructureDefinition/plannet-Location'],"[{'system': 'http://optum.com/fhir/wm/system/2021/07/resourceid', 'code': 'O8eYuFdPJUTGpaJZ56N/D5ZKinv5WOFMJFWICsqMDzRj+TtIH9JgyjA+2+334GSz3D2nQxDo5zL1kHzvvIrK/WD0BVfRLnfbomPwMHqkbwieXea8+LpohcMgSJTzDewuGHz2A3w13YmTlF+NC9hJ'}]","[{'url': 'http://hl7.org/fhir/us/davinci-pdex-plan-net/StructureDefinition/accessibility', 'valueCodeableConcept': {'coding': [{'system': 'http://hl7.org/fhir/us/davinci-pdex-plan-net/CodeSystem/AccessibilityCS', 'code': 'handiaccess', 'display': 'handicap accessible'}], 'text': 'Provides access to persons with disabilities.'}}]",active,1849 Sawtelle Blvd Ste 610-Los Angeles-CA-90025-900257013,work,physical,1849 Sawtelle Blvd Ste 610 Los Angeles CA 90025-7013,['1849 Sawtelle Blvd Ste 610'],Los Angeles,CA,90025-7013,USA,-118.44542,34.042785,Location/b166372c908ff54331b3e7e4b6a60f9455f0a0e0f43f192ecbe3f2fa4d52fa2d
https://public.fhir.flex.optum.com/R4/Location/fe98cf28cea9ea2768fc80dcf00112ff90ea59dba48b16e6fae6fcc2297d78a1,Location,fe98cf28cea9ea2768fc80dcf00112ff90ea59dba48b16e6fae6fcc2297d78a1,['http://hl7.org/fhir/us/davinci-pdex-plan-net/StructureDefinition/plannet-Location'],"[{'system': 'http://optum.com/fhir/wm/system/2021/07/resourceid', 'code': 'O8eYuFdPJUTGpaJZ56N/D5ZKinv5WOFMJFWICsqMDzRj+TtIH9JgyjA+2+334GSz3D2nQxDo5zL1kHzvvIrK/WD0BVfRLnfbomPwMHqkbwieXea8+LpohcMgSJTzDewuGHz2A3w13YmTlF+NC9hJ'}]","[{'url': 'http://hl7.org/fhir/us/davinci-pdex-plan-net/StructureDefinition/accessibility', 'valueCodeableConcept': {'coding': [{'system': 'http://hl7.org/fhir/us/davinci-pdex-plan-net/CodeSystem/AccessibilityCS', 'code': 'handiaccess', 'display': 'handicap accessible'}], 'text': 'Provides access to persons with disabilities.'}}]",active,14350 Whittier Blvd Ste 215-Whittier-CA-90605-906052143,work,physical,14350 Whittier Blvd Ste 215 Whittier CA 90605-2143,['14350 Whittier Blvd Ste 215'],Whittier,CA,90605-2143,USA,-118.018764,33.954998,Location/fe98cf28cea9ea2768fc80dcf00112ff90ea59dba48b16e6fae6fcc2297d78a1
https://public.fhir.flex.optum.com/R4/Location/ede09a6630a13973212ff0d99ef92d1f5e38577b2d46a2d39fd7efa3d78f186c,Location,ede09a6630a13973212ff0d99ef92d1f5e38577b2d46a2d39fd7efa3d78f186c,['http://hl7.org/fhir/us/davinci-pdex-plan-net/StructureDefinition/plannet-Location'],"[{'system': 'http://optum.com/fhir/wm/system/2021/07/resourceid', 'code': 'O8eYuFdPJUTGpaJZ56N/D5ZKinv5WOFMJFWICsqMDzRj+TtIH9JgyjA+2+334GSz3D2nQxDo5zL1kHzvvIrK/WD0BVfRLnfbomPwMHqkbwieXea8+LpohcMgSJTzDewuGHz2A3w13YmTlF+NC9hJ'}]","[{'url': 'http://hl7.org/fhir/us/davinci-pdex-plan-net/StructureDefinition/accessibility', 'valueCodeableConcept': {'coding': [{'system': 'http://hl7.org/fhir/us/davinci-pdex-plan-net/CodeSystem/AccessibilityCS', 'code': 'handiaccess', 'display': 'handicap accessible'}], 'text': 'Provides access to persons with disabilities.'}}]",active,1331 W Avenue J Ste 202-Lancaster-CA-93534-935342954,work,physical,1331 W Avenue J Ste 202 Lancaster CA 93534-2954,['1331 W Avenue J Ste 202'],Lancaster,CA,93534-2954,USA,-118.155562,34.689567,Location/ede09a6630a13973212ff0d99ef92d1f5e38577b2d46a2d39fd7efa3d78f186c
https://public.fhir.flex.optum.com/R4/Location/c2eeacb2ee5db800c2bcd156b5f2088481561ef2617daed983f9f171e3252d11,Location,c2eeacb2ee5db800c2bcd156b5f2088481561ef2617daed983f9f171e3252d11,['http://hl7.org/fhir/us/davinci-pdex-plan-net/StructureDefinition/plannet-Location'],"[{'system': 'http://optum.com/fhir/wm/system/2021/07/resourceid', 'code': 'O8eYuFdPJUTGpaJZ56N/D5ZKinv5WOFMJFWICsqMDzRj+TtIH9JgyjA+2+334GSz3D2nQxDo5zL1kHzvvIrK/WD0BVfRLnfbomPwMHqkbwieXea8+LpohcMgSJTzDewuGHz2A3w13YmTlF+NC9hJ'}]","[{'url': 'http://hl7.org/fhir/us/davinci-pdex-plan-net/StructureDefinition/accessibility', 'valueCodeableConcept': {'coding': [{'system': 'http://hl7.org/fhir/us/davinci-pdex-plan-net/CodeSystem/AccessibilityCS', 'code': 'handiaccess', 'display': 'handicap accessible'}], 'text': 'Provides access to persons with disabilities.'}}]",active,3430 Foothill Blvd Ste B-La Crescenta-CA-91214-912141861,work,physical,3430 Foothill Blvd Ste B La Crescenta CA 91214-1861,['3430 Foothill Blvd Ste B'],La Crescenta,CA,91214-1861,USA,-118.254209,34.232827,Location/c2eeacb2ee5db800c2bcd156b5f2088481561ef2617daed983f9f171e3252d11
https://public.fhir.flex.optum.com/R4/Location/3331425a9ad172bb04c9d3753acff6381d33e48732aa0dc405f37e06f738c795,Location,3331425a9ad172bb04c9d3753acff6381d33e48732aa0dc405f37e06f738c795,['http://hl7.org/fhir/us/davinci-pdex-plan-net/StructureDefinition/plannet-Location'],"[{'system': 'http://optum.com/fhir/wm/system/2021/07/resourceid', 'code': 'O8eYuFdPJUTGpaJZ56N/D5ZKinv5WOFMJFWICsqMDzRj+TtIH9JgyjA+2+334GSz3D2nQxDo5zL1kHzvvIrK/WD0BVfRLnfbomPwMHqkbwieXea8+LpohcMgSJTzDewuGHz2A3w13YmTlF+NC9hJ'}]","[{'url': 'http://hl7.org/fhir/us/davinci-pdex-plan-net/StructureDefinition/accessibility', 'valueCodeableConcept': {'coding': [{'system': 'http://hl7.org/fhir/us/davinci-pdex-plan-net/CodeSystem/AccessibilityCS', 'code': 'handiaccess', 'display': 'handicap accessible'}], 'text': 'Provides access to persons with disabilities.'}}]",active,2230 Lynn Rd Ste 250-Thousand Oaks-CA-91360-913601975,work,physical,2230 Lynn Rd Ste 250 Thousand Oaks CA 91360-1975,['2230 Lynn Rd Ste 250'],Thousand Oaks,CA,91360-1975,USA,-118.885071,34.208661,Location/3331425a9ad172bb04c9d3753acff6381d33e48732aa0dc405f37e06f738c795
https://public.fhir.flex.optum.com/R4/Location/3347a223eed359be3563adb7949aac5f0b138576ccada485be17f14f3cba2bb5,Location,3347a223eed359be3563adb7949aac5f0b138576ccada485be17f14f3cba2bb5,['http://hl7.org/fhir/us/davinci-pdex-plan-net/StructureDefinition/plannet-Location'],"[{'system': 'http://optum.com/fhir/wm/system/2021/07/resourceid', 'code': 'O8eYuFdPJUTGpaJZ56N/D5ZKinv5WOFMJFWICsqMDzRj+TtIH9JgyjA+2+334GSz3D2nQxDo5zL1kHzvvIrK/WD0BVfRLnfbomPwMHqkbwieXea8+LpohcMgSJTzDewuGHz2A3w13YmTlF+NC9hJ'}]",,active,100 OConnor Dr Ste 28-San Jose-CA-95128-951281655,work,physical,100 OConnor Dr Ste 28 San Jose CA 95128-1655,['100 OConnor Dr Ste 28'],San Jose,CA,95128-1655,USA,-121.937323,37.323824,Location/3347a223eed359be3563adb7949aac5f0b138576ccada485be17f14f3cba2bb5
https://public.fhir.flex.optum.com/R4/Location/31a5160f266de5fa38ce644b20d303f23c213ed5a43e948df4e2591c09ce4390,Location,31a5160f266de5fa38ce644b20d303f23c213ed5a43e948df4e2591c09ce4390,['http://hl7.org/fhir/us/davinci-pdex-plan-net/StructureDefinition/plannet-Location'],"[{'system': 'http://optum.com/fhir/wm/system/2021/07/resourceid', 'code': 'O8eYuFdPJUTGpaJZ56N/D5ZKinv5WOFMJFWICsqMDzRj+TtIH9JgyjA+2+334GSz3D2nQxDo5zL1kHzvvIrK/WD0BVfRLnfbomPwMHqkbwieXea8+LpohcMgSJTzDewuGHz2A3w13YmTlF+NC9hJ'}]","[{'url': 'http://hl7.org/fhir/us/davinci-pdex-plan-net/StructureDefinition/accessibility', 'valueCodeableConcept': {'coding': [{'system': 'http://hl7.org/fhir/us/davinci-pdex-plan-net/CodeSystem/AccessibilityCS', 'code': 'handiaccess', 'display': 'handicap accessible'}], 'text': 'Provides access to persons with disabilities.'}}]",active,11243 Anderson St-Loma Linda-CA-92354-923542803,work,physical,11243 Anderson St Loma Linda CA 92354-2803,['11243 Anderson St'],Loma Linda,CA,92354-2803,USA,-117.260957,34.049423,Location/31a5160f266de5fa38ce644b20d303f23c213ed5a43e948df4e2591c09ce4390
https://public.fhir.flex.optum.com/R4/Location/24a54cd8808d4d935c09e010baf4f919f95b462c85116064f72c7061afeda77e,Location,24a54cd8808d4d935c09e010baf4f919f95b462c85116064f72c7061afeda77e,['http://hl7.org/fhir/us/davinci-pdex-plan-net/StructureDefinition/plannet-Location'],"[{'system': 'http://optum.com/fhir/wm/system/2021/07/resourceid', 'code': 'O8eYuFdPJUTGpaJZ56N/D5ZKinv5WOFMJFWICsqMDzRj+TtIH9JgyjA+2+334GSz3D2nQxDo5zL1kHzvvIrK/WD0BVfRLnfbomPwMHqkbwieXea8+LpohcMgSJTzDewuGHz2A3w13YmTlF+NC9hJ'}]",,active,2727 W Olympic Blvd # 300-Los Angeles-CA-90006-900062637,work,physical,2727 W Olympic Blvd # 300 Los Angeles CA 90006-2637,['2727 W Olympic Blvd # 300'],Los Angeles,CA,90006-2637,USA,-118.29289,34.052807,Location/24a54cd8808d4d935c09e010baf4f919f95b462c85116064f72c7061afeda77e
https://public.fhir.flex.optum.com/R4/Location/e4967b01b02d336154d09999b7e71abf37cc99991c76e917900064da3b03b937,Location,e4967b01b02d336154d09999b7e71abf37cc99991c76e917900064da3b03b937,['http://hl7.org/fhir/us/davinci-pdex-plan-net/StructureDefinition/plannet-Location'],"[{'system': 'http://optum.com/fhir/wm/system/2021/07/resourceid', 'code': 'O8eYuFdPJUTGpaJZ56N/D5ZKinv5WOFMJFWICsqMDzRj+TtIH9JgyjA+2+334GSz3D2nQxDo5zL1kHzvvIrK/WD0BVfRLnfbomPwMHqkbwieXea8+LpohcMgSJTzDewuGHz2A3w13YmTlF+NC9hJ'}]","[{'url': 'http://hl7.org/fhir/us/davinci-pdex-plan-net/StructureDefinition/accessibility', 'valueCodeableConcept': {'coding': [{'system': 'http://hl7.org/fhir/us/davinci-pdex-plan-net/CodeSystem/AccessibilityCS', 'code': 'handiaccess', 'display': 'handicap accessible'}], 'text': 'Provides access to persons with disabilities.'}}]",active,26431 Crown Valley Pkwy Ste 160-Mission Viejo-CA-92691-926917201,work,physical,26431 Crown Valley Pkwy Ste 160 Mission Viejo CA 92691-7201,['26431 Crown Valley Pkwy Ste 160'],Mission Viejo,CA,92691-7201,USA,-117.659232,33.563919,Location/e4967b01b02d336154d09999b7e71abf37cc99991c76e917900064da3b03b937
https://public.fhir.flex.optum.com/R4/Location/e848229929b5f461f8c2c34c0aba7edc500150984fa8228e6f4c66f14e6cf958,Location,e848229929b5f461f8c2c34c0aba7edc500150984fa8228e6f4c66f14e6cf958,['http://hl7.org/fhir/us/davinci-pdex-plan-net/StructureDefinition/plannet-Location'],"[{'system': 'http://optum.com/fhir/wm/system/2021/07/resourceid', 'code': 'O8eYuFdPJUTGpaJZ56N/D5ZKinv5WOFMJFWICsqMDzRj+TtIH9JgyjA+2+334GSz3D2nQxDo5zL1kHzvvIrK/WD0BVfRLnfbomPwMHqkbwieXea8+LpohcMgSJTzDewuGHz2A3w13YmTlF+NC9hJ'}]","[{'url': 'http://hl7.org/fhir/us/davinci-pdex-plan-net/StructureDefinition/accessibility', 'valueCodeableConcept': {'coding': [{'system': 'http://hl7.org/fhir/us/davinci-pdex-plan-net/CodeSystem/AccessibilityCS', 'code': 'handiaccess', 'display': 'handicap accessible'}], 'text': 'Provides access to persons with disabilities.'}}]",active,450 Sutter St Rm 1003-San Francisco-CA-94108-941083912,work,physical,450 Sutter St Rm 1003 San Francisco CA 94108-3912,['450 Sutter St Rm 1003'],San Francisco,CA,94108-3912,USA,-122.407805,37.78946,Location/e848229929b5f461f8c2c34c0aba7edc500150984fa8228e6f4c66f14e6cf958
https://public.fhir.flex.optum.com/R4/Location/721b2bb86e1ba9d75e295475dc1200df204e59259221dd0c3f3d4c43ec3cfb02,Location,721b2bb86e1ba9d75e295475dc1200df204e59259221dd0c3f3d4c43ec3cfb02,['http://hl7.org/fhir/us/davinci-pdex-plan-net/StructureDefinition/plannet-Location'],"[{'system': 'http://optum.com/fhir/wm/system/2021/07/resourceid', 'code': 'O8eYuFdPJUTGpaJZ56N/D5ZKinv5WOFMJFWICsqMDzRj+TtIH9JgyjA+2+334GSz3D2nQxDo5zL1kHzvvIrK/WD0BVfRLnfbomPwMHqkbwieXea8+LpohcMgSJTzDewuGHz2A3w13YmTlF+NC9hJ'}]",,active,444 W Ocean Blvd Ste 800-Long Beach-CA-90802-908024529,work,physical,444 W Ocean Blvd Ste 800 Long Beach CA 90802-4529,['444 W Ocean Blvd Ste 800'],Long Beach,CA,90802-4529,USA,-118.197624,33.767092,Location/721b2bb86e1ba9d75e295475dc1200df204e59259221dd0c3f3d4c43ec3cfb02
https://public.fhir.flex.optum.com/R4/Location/91e019e6d3c320ad2e0712a8897ca1f17a884d80bb3d35f0cbabeb9683c92555,Location,91e019e6d3c320ad2e0712a8897ca1f17a884d80bb3d35f0cbabeb9683c92555,['http://hl7.org/fhir/us/davinci-pdex-plan-net/StructureDefinition/plannet-Location'],"[{'system': 'http://optum.com/fhir/wm/system/2021/07/resourceid', 'code': 'O8eYuFdPJUTGpaJZ56N/D5ZKinv5WOFMJFWICsqMDzRj+TtIH9JgyjA+2+334GSz3D2nQxDo5zL1kHzvvIrK/WD0BVfRLnfbomPwMHqkbwieXea8+LpohcMgSJTzDewuGHz2A3w13YmTlF+NC9hJ'}]",,active,520 W Foothill Blvd-Azusa-CA-91702-917022343,work,physical,520 W Foothill Blvd Azusa CA 91702-2343,['520 W Foothill Blvd'],Azusa,CA,91702-2343,USA,-117.913009,34.133373,Location/91e019e6d3c320ad2e0712a8897ca1f17a884d80bb3d35f0cbabeb9683c92555
https://public.fhir.flex.optum.com/R4/Location/f8c5838d499fa251b8376919593e38baefaf2ed81be9645f3930fe463b43bb1a,Location,f8c5838d499fa251b8376919593e38baefaf2ed81be9645f3930fe463b43bb1a,['http://hl7.org/fhir/us/davinci-pdex-plan-net/StructureDefinition/plannet-Location'],"[{'system': 'http://optum.com/fhir/wm/system/2021/07/resourceid', 'code': 'O8eYuFdPJUTGpaJZ56N/D5ZKinv5WOFMJFWICsqMDzRj+TtIH9JgyjA+2+334GSz3D2nQxDo5zL1kHzvvIrK/WD0BVfRLnfbomPwMHqkbwieXea8+LpohcMgSJTzDewuGHz2A3w13YmTlF+NC9hJ'}]","[{'url': 'http://hl7.org/fhir/us/davinci-pdex-plan-net/StructureDefinition/accessibility', 'valueCodeableConcept': {'coding': [{'system': 'http://hl7.org/fhir/us/davinci-pdex-plan-net/CodeSystem/AccessibilityCS', 'code': 'handiaccess', 'display': 'handicap accessible'}], 'text': 'Provides access to persons with disabilities.'}}]",active,381 Merrill Ave Ste A-Glendale-CA-91206-912064119,work,physical,381 Merrill Ave Ste A Glendale CA 91206-4119,['381 Merrill Ave Ste A'],Glendale,CA,91206-4119,USA,-118.22859,34.152169,Location/f8c5838d499fa251b8376919593e38baefaf2ed81be9645f3930fe463b43bb1a
https://public.fhir.flex.optum.com/R4/Location/7bcfa4e8ac95f73ade452b75773e966dd5c01d8c99550fefea08162a904167f2,Location,7bcfa4e8ac95f73ade452b75773e966dd5c01d8c99550fefea08162a904167f2,['http://hl7.org/fhir/us/davinci-pdex-plan-net/StructureDefinition/plannet-Location'],"[{'system': 'http://optum.com/fhir/wm/system/2021/07/resourceid', 'code': 'O8eYuFdPJUTGpaJZ56N/D5ZKinv5WOFMJFWICsqMDzRj+TtIH9JgyjA+2+334GSz3D2nQxDo5zL1kHzvvIrK/WD0BVfRLnfbomPwMHqkbwieXea8+LpohcMgSJTzDewuGHz2A3w13YmTlF+NC9hJ'}]",,active,23969 Newhall Ranch Rd-Valencia-CA-91355-913555701,work,physical,23969 Newhall Ranch Rd Valencia CA 91355-5701,['23969 Newhall Ranch Rd'],Valencia,CA,91355-5701,USA,-118.555822,34.4305,Location/7bcfa4e8ac95f73ade452b75773e966dd5c01d8c99550fefea08162a904167f2
https://public.fhir.flex.optum.com/R4/Location/7ae67f93dd867f878a461015cef503cad84e14b2915c55ca34f0bbd6214bb33f,Location,7ae67f93dd867f878a461015cef503cad84e14b2915c55ca34f0bbd6214bb33f,['http://hl7.org/fhir/us/davinci-pdex-plan-net/StructureDefinition/plannet-Location'],"[{'system': 'http://optum.com/fhir/wm/system/2021/07/resourceid', 'code': 'O8eYuFdPJUTGpaJZ56N/D5ZKinv5WOFMJFWICsqMDzRj+TtIH9JgyjA+2+334GSz3D2nQxDo5zL1kHzvvIrK/WD0BVfRLnfbomPwMHqkbwieXea8+LpohcMgSJTzDewuGHz2A3w13YmTlF+NC9hJ'}]","[{'url': 'http://hl7.org/fhir/us/davinci-pdex-plan-net/StructureDefinition/accessibility', 'valueCodeableConcept': {'coding': [{'system': 'http://hl7.org/fhir/us/davinci-pdex-plan-net/CodeSystem/AccessibilityCS', 'code': 'handiaccess', 'display': 'handicap accessible'}], 'text': 'Provides access to persons with disabilities.'}}]",active,1467 N Wanda Rd Ste 165-Orange-CA-92867-928675328,work,physical,1467 N Wanda Rd Ste 165 Orange CA 92867-5328,['1467 N Wanda Rd Ste 165'],Orange,CA,92867-5328,USA,-117.821857,33.812897,Location/7ae67f93dd867f878a461015cef503cad84e14b2915c55ca34f0bbd6214bb33f
https://public.fhir.flex.optum.com/R4/Location/14842045acbe4aa755e6c2661f2bd5627490d9128ca9db8158cceb3bfe1c5346,Location,14842045acbe4aa755e6c2661f2bd5627490d9128ca9db8158cceb3bfe1c5346,['http://hl7.org/fhir/us/davinci-pdex-plan-net/StructureDefinition/plannet-Location'],"[{'system': 'http://optum.com/fhir/wm/system/2021/07/resourceid', 'code': 'O8eYuFdPJUTGpaJZ56N/D5ZKinv5WOFMJFWICsqMDzRj+TtIH9JgyjA+2+334GSz3D2nQxDo5zL1kHzvvIrK/WD0BVfRLnfbomPwMHqkbwieXea8+LpohcMgSJTzDewuGHz2A3w13YmTlF+NC9hJ'}]","[{'url': 'http://hl7.org/fhir/us/davinci-pdex-plan-net/StructureDefinition/accessibility', 'valueCodeableConcept': {'coding': [{'system': 'http://hl7.org/fhir/us/davinci-pdex-plan-net/CodeSystem/AccessibilityCS', 'code': 'handiaccess', 'display': 'handicap accessible'}], 'text': 'Provides access to persons with disabilities.'}}]",active,444 S San Vicente Blvd Ste 103-Los Angeles-CA-90048-900484169,work,physical,444 S San Vicente Blvd Ste 103 Los Angeles CA 90048-4169,['444 S San Vicente Blvd Ste 103'],Los Angeles,CA,90048-4169,USA,-118.375355,34.069994,Location/14842045acbe4aa755e6c2661f2bd5627490d9128ca9db8158cceb3bfe1c5346
https://public.fhir.flex.optum.com/R4/Location/4979ffbd0c8efa43d9e4d41cccb94c36883911ddf3a3747e18f0c9b877f51cb7,Location,4979ffbd0c8efa43d9e4d41cccb94c36883911ddf3a3747e18f0c9b877f51cb7,['http://hl7.org/fhir/us/davinci-pdex-plan-net/StructureDefinition/plannet-Location'],"[{'system': 'http://optum.com/fhir/wm/system/2021/07/resourceid', 'code': 'O8eYuFdPJUTGpaJZ56N/D5ZKinv5WOFMJFWICsqMDzRj+TtIH9JgyjA+2+334GSz3D2nQxDo5zL1kHzvvIrK/WD0BVfRLnfbomPwMHqkbwieXea8+LpohcMgSJTzDewuGHz2A3w13YmTlF+NC9hJ'}]","[{'url': 'http://hl7.org/fhir/us/davinci-pdex-plan-net/StructureDefinition/accessibility', 'valueCodeableConcept': {'coding': [{'system': 'http://hl7.org/fhir/us/davinci-pdex-plan-net/CodeSystem/AccessibilityCS', 'code': 'handiaccess', 'display': 'handicap accessible'}], 'text': 'Provides access to persons with disabilities.'}}]",active,3351 El Camino Real Ste 220-Atherton-CA-94027-940273802,work,physical,3351 El Camino Real Ste 220 Atherton CA 94027-3802,['3351 El Camino Real Ste 220'],Atherton,CA,94027-3802,USA,-122.2071,37.466062,Location/4979ffbd0c8efa43d9e4d41cccb94c36883911ddf3a3747e18f0c9b877f51cb7
https://public.fhir.flex.optum.com/R4/Location/2ca38cc79e2172468268cbd4d6629132b75a4c367b3f47ad11190e7c423a3b53,Location,2ca38cc79e2172468268cbd4d6629132b75a4c367b3f47ad11190e7c423a3b53,['http://hl7.org/fhir/us/davinci-pdex-plan-net/StructureDefinition/plannet-Location'],"[{'system': 'http://optum.com/fhir/wm/system/2021/07/resourceid', 'code': 'O8eYuFdPJUTGpaJZ56N/D5ZKinv5WOFMJFWICsqMDzRj+TtIH9JgyjA+2+334GSz3D2nQxDo5zL1kHzvvIrK/WD0BVfRLnfbomPwMHqkbwieXea8+LpohcMgSJTzDewuGHz2A3w13YmTlF+NC9hJ'}]","[{'url': 'http://hl7.org/fhir/us/davinci-pdex-plan-net/StructureDefinition/accessibility', 'valueCodeableConcept': {'coding': [{'system': 'http://hl7.org/fhir/us/davinci-pdex-plan-net/CodeSystem/AccessibilityCS', 'code': 'handiaccess', 'display': 'handicap accessible'}], 'text': 'Provides access to persons with disabilities.'}}]",active,28780 Single Oak Dr-Temecula-CA-92590-925903625,work,physical,28780 Single Oak Dr Temecula CA 92590-3625,['28780 Single Oak Dr'],Temecula,CA,92590-3625,USA,-117.161312,33.499012,Location/2ca38cc79e2172468268cbd4d6629132b75a4c367b3f47ad11190e7c423a3b53
https://public.fhir.flex.optum.com/R4/Location/8f2a7a5323a1c83abe4d1a1f8459c4aaf8dfb08dcf7d69bced75d1d48c9f3d4a,Location,8f2a7a5323a1c83abe4d1a1f8459c4aaf8dfb08dcf7d69bced75d1d48c9f3d4a,['http://hl7.org/fhir/us/davinci-pdex-plan-net/StructureDefinition/plannet-Location'],"[{'system': 'http://optum.com/fhir/wm/system/2021/07/resourceid', 'code': 'O8eYuFdPJUTGpaJZ56N/D5ZKinv5WOFMJFWICsqMDzRj+TtIH9JgyjA+2+334GSz3D2nQxDo5zL1kHzvvIrK/WD0BVfRLnfbomPwMHqkbwieXea8+LpohcMgSJTzDewuGHz2A3w13YmTlF+NC9hJ'}]","[{'url': 'http://hl7.org/fhir/us/davinci-pdex-plan-net/StructureDefinition/accessibility', 'valueCodeableConcept': {'coding': [{'system': 'http://hl7.org/fhir/us/davinci-pdex-plan-net/CodeSystem/AccessibilityCS', 'code': 'handiaccess', 'display': 'handicap accessible'}], 'text': 'Provides access to persons with disabilities.'}}]",active,133 N Altandena Dr Fl 2-Pasadena-CA-91107-911077325,work,physical,133 N Altandena Dr Fl 2 Pasadena CA 91107-7325,['133 N Altandena Dr Fl 2'],Pasadena,CA,91107-7325,USA,-118.09878,34.148297,Location/8f2a7a5323a1c83abe4d1a1f8459c4aaf8dfb08dcf7d69bced75d1d48c9f3d4a
https://public.fhir.flex.optum.com/R4/Location/fefb06ce88d7b1c7ae16d3d6f112cefc7e470df5fa3e65e5a3e3b14102d5d76f,Location,fefb06ce88d7b1c7ae16d3d6f112cefc7e470df5fa3e65e5a3e3b14102d5d76f,['http://hl7.org/fhir/us/davinci-pdex-plan-net/StructureDefinition/plannet-Location'],"[{'system': 'http://optum.com/fhir/wm/system/2021/07/resourceid', 'code': 'O8eYuFdPJUTGpaJZ56N/D5ZKinv5WOFMJFWICsqMDzRj+TtIH9JgyjA+2+334GSz3D2nQxDo5zL1kHzvvIrK/WD0BVfRLnfbomPwMHqkbwieXea8+LpohcMgSJTzDewuGHz2A3w13YmTlF+NC9hJ'}]","[{'url': 'http://hl7.org/fhir/us/davinci-pdex-plan-net/StructureDefinition/accessibility', 'valueCodeableConcept': {'coding': [{'system': 'http://hl7.org/fhir/us/davinci-pdex-plan-net/CodeSystem/AccessibilityCS', 'code': 'handiaccess', 'display': 'handicap accessible'}], 'text': 'Provides access to persons with disabilities.'}}]",active,12000 Victory Blvd-North Hollywood-CA-91606-916063319,work,physical,12000 Victory Blvd North Hollywood CA 91606-3319,['12000 Victory Blvd'],North Hollywood,CA,91606-3319,USA,-118.394513,34.186543,Location/fefb06ce88d7b1c7ae16d3d6f112cefc7e470df5fa3e65e5a3e3b14102d5d76f
https://public.fhir.flex.optum.com/R4/Location/0f4a510fe338a384172424e702c6811d9a1bd71dddd260cb62321a7a473824bc,Location,0f4a510fe338a384172424e702c6811d9a1bd71dddd260cb62321a7a473824bc,['http://hl7.org/fhir/us/davinci-pdex-plan-net/StructureDefinition/plannet-Location'],"[{'system': 'http://optum.com/fhir/wm/system/2021/07/resourceid', 'code': 'O8eYuFdPJUTGpaJZ56N/D5ZKinv5WOFMJFWICsqMDzRj+TtIH9JgyjA+2+334GSz3D2nQxDo5zL1kHzvvIrK/WD0BVfRLnfbomPwMHqkbwieXea8+LpohcMgSJTzDewuGHz2A3w13YmTlF+NC9hJ'}]","[{'url': 'http://hl7.org/fhir/us/davinci-pdex-plan-net/StructureDefinition/accessibility', 'valueCodeableConcept': {'coding': [{'system': 'http://hl7.org/fhir/us/davinci-pdex-plan-net/CodeSystem/AccessibilityCS', 'code': 'handiaccess', 'display': 'handicap accessible'}], 'text': 'Provides access to persons with disabilities.'}}]",active,3520 E Shields Ave Ste 101-Fresno-CA-93726-937266923,work,physical,3520 E Shields Ave Ste 101 Fresno CA 93726-6923,['3520 E Shields Ave Ste 101'],Fresno,CA,93726-6923,USA,-119.765676,36.779373,Location/0f4a510fe338a384172424e702c6811d9a1bd71dddd260cb62321a7a473824bc
https://public.fhir.flex.optum.com/R4/Location/3c50a33aef8a639956a1d00c3f45987eb4af214cf023a83a1a5bfcdefbde3fd2,Location,3c50a33aef8a639956a1d00c3f45987eb4af214cf023a83a1a5bfcdefbde3fd2,['http://hl7.org/fhir/us/davinci-pdex-plan-net/StructureDefinition/plannet-Location'],"[{'system': 'http://optum.com/fhir/wm/system/2021/07/resourceid', 'code': 'O8eYuFdPJUTGpaJZ56N/D5ZKinv5WOFMJFWICsqMDzRj+TtIH9JgyjA+2+334GSz3D2nQxDo5zL1kHzvvIrK/WD0BVfRLnfbomPwMHqkbwieXea8+LpohcMgSJTzDewuGHz2A3w13YmTlF+NC9hJ'}]",,active,425 Old Newport Blvd Ste A-Newport Beach-CA-92663-926634274,work,physical,425 Old Newport Blvd Ste A Newport Beach CA 92663-4274,['425 Old Newport Blvd Ste A'],Newport Beach,CA,92663-4274,USA,-117.92659,33.626724,Location/3c50a33aef8a639956a1d00c3f45987eb4af214cf023a83a1a5bfcdefbde3fd2
https://public.fhir.flex.optum.com/R4/Location/6f4a9266a906c21bedcb1d83c9f1db4725efaccf50955a040de5fc844aedf62c,Location,6f4a9266a906c21bedcb1d83c9f1db4725efaccf50955a040de5fc844aedf62c,['http://hl7.org/fhir/us/davinci-pdex-plan-net/StructureDefinition/plannet-Location'],"[{'system': 'http://optum.com/fhir/wm/system/2021/07/resourceid', 'code': 'O8eYuFdPJUTGpaJZ56N/D5ZKinv5WOFMJFWICsqMDzRj+TtIH9JgyjA+2+334GSz3D2nQxDo5zL1kHzvvIrK/WD0BVfRLnfbomPwMHqkbwieXea8+LpohcMgSJTzDewuGHz2A3w13YmTlF+NC9hJ'}]","[{'url': 'http://hl7.org/fhir/us/davinci-pdex-plan-net/StructureDefinition/accessibility', 'valueCodeableConcept': {'coding': [{'system': 'http://hl7.org/fhir/us/davinci-pdex-plan-net/CodeSystem/AccessibilityCS', 'code': 'handiaccess', 'display': 'handicap accessible'}], 'text': 'Provides access to persons with disabilities.'}}]",active,110 W Pennsylvania Ave-San Diego-CA-92103-921034016,work,physical,110 W Pennsylvania Ave San Diego CA 92103-4016,['110 W Pennsylvania Ave'],San Diego,CA,92103-4016,USA,-117.164181,32.745263,Location/6f4a9266a906c21bedcb1d83c9f1db4725efaccf50955a040de5fc844aedf62c
https://public.fhir.flex.optum.com/R4/Location/d7ef0d9890f39f7e718ea01ed1a64eb6099d97b6e02c86c6b71b66330e1bc9b7,Location,d7ef0d9890f39f7e718ea01ed1a64eb6099d97b6e02c86c6b71b66330e1bc9b7,['http://hl7.org/fhir/us/davinci-pdex-plan-net/StructureDefinition/plannet-Location'],"[{'system': 'http://optum.com/fhir/wm/system/2021/07/resourceid', 'code': 'O8eYuFdPJUTGpaJZ56N/D5ZKinv5WOFMJFWICsqMDzRj+TtIH9JgyjA+2+334GSz3D2nQxDo5zL1kHzvvIrK/WD0BVfRLnfbomPwMHqkbwieXea8+LpohcMgSJTzDewuGHz2A3w13YmTlF+NC9hJ'}]",,active,701 Howe Ave Ste C3-Sacramento-CA-95825-958254604,work,physical,701 Howe Ave Ste C3 Sacramento CA 95825-4604,['701 Howe Ave Ste C3'],Sacramento,CA,95825-4604,USA,-121.415665,38.578377,Location/d7ef0d9890f39f7e718ea01ed1a64eb6099d97b6e02c86c6b71b66330e1bc9b7
https://public.fhir.flex.optum.com/R4/Location/da058b106f21c2d5432a13de2d6bf20df4f324ee5a3aa6e1c2230654ee5723d8,Location,da058b106f21c2d5432a13de2d6bf20df4f324ee5a3aa6e1c2230654ee5723d8,['http://hl7.org/fhir/us/davinci-pdex-plan-net/StructureDefinition/plannet-Location'],"[{'system': 'http://optum.com/fhir/wm/system/2021/07/resourceid', 'code': 'O8eYuFdPJUTGpaJZ56N/D5ZKinv5WOFMJFWICsqMDzRj+TtIH9JgyjA+2+334GSz3D2nQxDo5zL1kHzvvIrK/WD0BVfRLnfbomPwMHqkbwieXea8+LpohcMgSJTzDewuGHz2A3w13YmTlF+NC9hJ'}]",,active,5151 Lone Tree Way-Antioch-CA-94531-945318688,work,physical,5151 Lone Tree Way Antioch CA 94531-8688,['5151 Lone Tree Way'],Antioch,CA,94531-8688,USA,-121.756609,37.961897,Location/da058b106f21c2d5432a13de2d6bf20df4f324ee5a3aa6e1c2230654ee5723d8
https://public.fhir.flex.optum.com/R4/Location/4738da5009352f60ae407065ac6bb87bedea6719ecc78faaded7ed4ffd593ff3,Location,4738da5009352f60ae407065ac6bb87bedea6719ecc78faaded7ed4ffd593ff3,['http://hl7.org/fhir/us/davinci-pdex-plan-net/StructureDefinition/plannet-Location'],"[{'system': 'http://optum.com/fhir/wm/system/2021/07/resourceid', 'code': 'O8eYuFdPJUTGpaJZ56N/D5ZKinv5WOFMJFWICsqMDzRj+TtIH9JgyjA+2+334GSz3D2nQxDo5zL1kHzvvIrK/WD0BVfRLnfbomPwMHqkbwieXea8+LpohcMgSJTzDewuGHz2A3w13YmTlF+NC9hJ'}]","[{'url': 'http://hl7.org/fhir/us/davinci-pdex-plan-net/StructureDefinition/accessibility', 'valueCodeableConcept': {'coding': [{'system': 'http://hl7.org/fhir/us/davinci-pdex-plan-net/CodeSystem/AccessibilityCS', 'code': 'handiaccess', 'display': 'handicap accessible'}], 'text': 'Provides access to persons with disabilities.'}}]",active,9401 E Stockton Blvd Ste 115-Elk Grove-CA-95624-956245050,work,physical,9401 E Stockton Blvd Ste 115 Elk Grove CA 95624-5050,['9401 E Stockton Blvd Ste 115'],Elk Grove,CA,95624-5050,USA,-121.391092,38.415376,Location/4738da5009352f60ae407065ac6bb87bedea6719ecc78faaded7ed4ffd593ff3
https://public.fhir.flex.optum.com/R4/Location/58bdc07c611519b60478eaabe353fc0ecc76855dc222ce71d610b7e3cf4f8908,Location,58bdc07c611519b60478eaabe353fc0ecc76855dc222ce71d610b7e3cf4f8908,['http://hl7.org/fhir/us/davinci-pdex-plan-net/StructureDefinition/plannet-Location'],"[{'system': 'http://optum.com/fhir/wm/system/2021/07/resourceid', 'code': 'O8eYuFdPJUTGpaJZ56N/D5ZKinv5WOFMJFWICsqMDzRj+TtIH9JgyjA+2+334GSz3D2nQxDo5zL1kHzvvIrK/WD0BVfRLnfbomPwMHqkbwieXea8+LpohcMgSJTzDewuGHz2A3w13YmTlF+NC9hJ'}]","[{'url': 'http://hl7.org/fhir/us/davinci-pdex-plan-net/StructureDefinition/accessibility', 'valueCodeableConcept': {'coding': [{'system': 'http://hl7.org/fhir/us/davinci-pdex-plan-net/CodeSystem/AccessibilityCS', 'code': 'handiaccess', 'display': 'handicap accessible'}], 'text': 'Provides access to persons with disabilities.'}}]",active,30190 Town Center Dr Ste A-Laguna Niguel-CA-92677-926772049,work,physical,30190 Town Center Dr Ste A Laguna Niguel CA 92677-2049,['30190 Town Center Dr Ste A'],Laguna Niguel,CA,92677-2049,USA,-117.715177,33.524906,Location/58bdc07c611519b60478eaabe353fc0ecc76855dc222ce71d610b7e3cf4f8908
https://public.fhir.flex.optum.com/R4/Location/413ceddf6812107fcd256b2830873b6a0092aefef7f7c343f0e49c5431854b8e,Location,413ceddf6812107fcd256b2830873b6a0092aefef7f7c343f0e49c5431854b8e,['http://hl7.org/fhir/us/davinci-pdex-plan-net/StructureDefinition/plannet-Location'],"[{'system': 'http://optum.com/fhir/wm/system/2021/07/resourceid', 'code': 'O8eYuFdPJUTGpaJZ56N/D5ZKinv5WOFMJFWICsqMDzRj+TtIH9JgyjA+2+334GSz3D2nQxDo5zL1kHzvvIrK/WD0BVfRLnfbomPwMHqkbwieXea8+LpohcMgSJTzDewuGHz2A3w13YmTlF+NC9hJ'}]",,active,2617 E Chapman Ave Ste 103-Orange-CA-92869-928693249,work,physical,2617 E Chapman Ave Ste 103 Orange CA 92869-3249,['2617 E Chapman Ave Ste 103'],Orange,CA,92869-3249,USA,-117.825418,33.787957,Location/413ceddf6812107fcd256b2830873b6a0092aefef7f7c343f0e49c5431854b8e
https://public.fhir.flex.optum.com/R4/Location/87c0f1fef2ff87d08906e13e151503cc11d24e0e8f816e82ddcbb979ca47a664,Location,87c0f1fef2ff87d08906e13e151503cc11d24e0e8f816e82ddcbb979ca47a664,['http://hl7.org/fhir/us/davinci-pdex-plan-net/StructureDefinition/plannet-Location'],"[{'system': 'http://optum.com/fhir/wm/system/2021/07/resourceid', 'code': 'O8eYuFdPJUTGpaJZ56N/D5ZKinv5WOFMJFWICsqMDzRj+TtIH9JgyjA+2+334GSz3D2nQxDo5zL1kHzvvIrK/WD0BVfRLnfbomPwMHqkbwieXea8+LpohcMgSJTzDewuGHz2A3w13YmTlF+NC9hJ'}]","[{'url': 'http://hl7.org/fhir/us/davinci-pdex-plan-net/StructureDefinition/accessibility', 'valueCodeableConcept': {'coding': [{'system': 'http://hl7.org/fhir/us/davinci-pdex-plan-net/CodeSystem/AccessibilityCS', 'code': 'handiaccess', 'display': 'handicap accessible'}], 'text': 'Provides access to persons with disabilities.'}}]",active,6257 Thornhill Dr-Oakland-CA-94611-946112023,work,physical,6257 Thornhill Dr Oakland CA 94611-2023,['6257 Thornhill Dr'],Oakland,CA,94611-2023,USA,-122.209494,37.841179,Location/87c0f1fef2ff87d08906e13e151503cc11d24e0e8f816e82ddcbb979ca47a664
https://public.fhir.flex.optum.com/R4/Location/572612818759b9ef4a48c765cf91f0fd6bca84b4b36821950da420d076816a80,Location,572612818759b9ef4a48c765cf91f0fd6bca84b4b36821950da420d076816a80,['http://hl7.org/fhir/us/davinci-pdex-plan-net/StructureDefinition/plannet-Location'],"[{'system': 'http://optum.com/fhir/wm/system/2021/07/resourceid', 'code': 'O8eYuFdPJUTGpaJZ56N/D5ZKinv5WOFMJFWICsqMDzRj+TtIH9JgyjA+2+334GSz3D2nQxDo5zL1kHzvvIrK/WD0BVfRLnfbomPwMHqkbwieXea8+LpohcMgSJTzDewuGHz2A3w13YmTlF+NC9hJ'}]","[{'url': 'http://hl7.org/fhir/us/davinci-pdex-plan-net/StructureDefinition/accessibility', 'valueCodeableConcept': {'coding': [{'system': 'http://hl7.org/fhir/us/davinci-pdex-plan-net/CodeSystem/AccessibilityCS', 'code': 'handiaccess', 'display': 'handicap accessible'}], 'text': 'Provides access to persons with disabilities.'}}]",active,1020 29th St Ste 600-Sacramento-CA-95816-958165126,work,physical,1020 29th St Ste 600 Sacramento CA 95816-5126,['1020 29th St Ste 600'],Sacramento,CA,95816-5126,USA,-121.468339,38.572842,Location/572612818759b9ef4a48c765cf91f0fd6bca84b4b36821950da420d076816a80
https://public.fhir.flex.optum.com/R4/Location/nhG9XeoFHeUOwt8P0rkHJriWBdT7FBzr4T7sxmnduf4,Location,nhG9XeoFHeUOwt8P0rkHJriWBdT7FBzr4T7sxmnduf4,['http://hl7.org/fhir/us/davinci-pdex-plan-net/StructureDefinition/plannet-Location'],"[{'system': 'http://optum.com/fhir/wm/system/2021/07/resourceid', 'code': 'O8eYuFdPJUTGpaJZ56N/D5ZKinv5WOFMJFWICsqMDzRj+TtIH9JgyjA+2+334GSz3D2nQxDo5zL1kHzvvIrK/WD0BVfRLnfbomPwMHqkbwieXea8+LpohcMgSJTzDewuGHz2A3w13YmTlF+NC9hJ'}]",,active,1151 Galleria Blvd Ste 259A-Roseville-CA-95678-956783509,work,physical,1151 Galleria Blvd Ste 259A Roseville CA 95678-3509,['1151 Galleria Blvd Ste 259A'],Roseville,CA,95678-3509,USA,-121.26605,38.772482,Location/nhG9XeoFHeUOwt8P0rkHJriWBdT7FBzr4T7sxmnduf4
https://public.fhir.flex.optum.com/R4/Location/3e3811dad75d9344a5dfee43bcf076ec40c1856d5edb3318b5dd4a49017971ee,Location,3e3811dad75d9344a5dfee43bcf076ec40c1856d5edb3318b5dd4a49017971ee,['http://hl7.org/fhir/us/davinci-pdex-plan-net/StructureDefinition/plannet-Location'],"[{'system': 'http://optum.com/fhir/wm/system/2021/07/resourceid', 'code': 'O8eYuFdPJUTGpaJZ56N/D5ZKinv5WOFMJFWICsqMDzRj+TtIH9JgyjA+2+334GSz3D2nQxDo5zL1kHzvvIrK/WD0BVfRLnfbomPwMHqkbwieXea8+LpohcMgSJTzDewuGHz2A3w13YmTlF+NC9hJ'}]","[{'url': 'http://hl7.org/fhir/us/davinci-pdex-plan-net/StructureDefinition/accessibility', 'valueCodeableConcept': {'coding': [{'system': 'http://hl7.org/fhir/us/davinci-pdex-plan-net/CodeSystem/AccessibilityCS', 'code': 'handiaccess', 'display': 'handicap accessible'}], 'text': 'Provides access to persons with disabilities.'}}]",active,310 N Prairie Ave # 412-Inglewood-CA-90301-903011470,work,physical,310 N Prairie Ave # 412 Inglewood CA 90301-1470,['310 N Prairie Ave # 412'],Inglewood,CA,90301-1470,USA,-118.343804,33.965633,Location/3e3811dad75d9344a5dfee43bcf076ec40c1856d5edb3318b5dd4a49017971ee
https://public.fhir.flex.optum.com/R4/Location/33d6a50e302e402ade4690e60c30296b6166d230f14e3c341e57832daae5a612,Location,33d6a50e302e402ade4690e60c30296b6166d230f14e3c341e57832daae5a612,['http://hl7.org/fhir/us/davinci-pdex-plan-net/StructureDefinition/plannet-Location'],"[{'system': 'http://optum.com/fhir/wm/system/2021/07/resourceid', 'code': 'O8eYuFdPJUTGpaJZ56N/D5ZKinv5WOFMJFWICsqMDzRj+TtIH9JgyjA+2+334GSz3D2nQxDo5zL1kHzvvIrK/WD0BVfRLnfbomPwMHqkbwieXea8+LpohcMgSJTzDewuGHz2A3w13YmTlF+NC9hJ'}]","[{'url': 'http://hl7.org/fhir/us/davinci-pdex-plan-net/StructureDefinition/accessibility', 'valueCodeableConcept': {'coding': [{'system': 'http://hl7.org/fhir/us/davinci-pdex-plan-net/CodeSystem/AccessibilityCS', 'code': 'handiaccess', 'display': 'handicap accessible'}], 'text': 'Provides access to persons with disabilities.'}}]",active,1058 Mangrove Ave Ste 2-Chico-CA-95926-959263553,work,physical,1058 Mangrove Ave Ste 2 Chico CA 95926-3553,['1058 Mangrove Ave Ste 2'],Chico,CA,95926-3553,USA,-121.837529,39.741066,Location/33d6a50e302e402ade4690e60c30296b6166d230f14e3c341e57832daae5a612
https://public.fhir.flex.optum.com/R4/Location/6f61c42335554ce9a83f8d5022ceb06e4f30706c8b2af42f4827f927cf6f3a24,Location,6f61c42335554ce9a83f8d5022ceb06e4f30706c8b2af42f4827f927cf6f3a24,['http://hl7.org/fhir/us/davinci-pdex-plan-net/StructureDefinition/plannet-Location'],"[{'system': 'http://optum.com/fhir/wm/system/2021/07/resourceid', 'code': 'O8eYuFdPJUTGpaJZ56N/D5ZKinv5WOFMJFWICsqMDzRj+TtIH9JgyjA+2+334GSz3D2nQxDo5zL1kHzvvIrK/WD0BVfRLnfbomPwMHqkbwieXea8+LpohcMgSJTzDewuGHz2A3w13YmTlF+NC9hJ'}]","[{'url': 'http://hl7.org/fhir/us/davinci-pdex-plan-net/StructureDefinition/accessibility', 'valueCodeableConcept': {'coding': [{'system': 'http://hl7.org/fhir/us/davinci-pdex-plan-net/CodeSystem/AccessibilityCS', 'code': 'handiaccess', 'display': 'handicap accessible'}], 'text': 'Provides access to persons with disabilities.'}}]",active,902 Sycamore Ave-Vista-CA-92081-920817879,work,physical,902 Sycamore Ave Vista CA 92081-7879,['902 Sycamore Ave'],Vista,CA,92081-7879,USA,-117.219711,33.160745,Location/6f61c42335554ce9a83f8d5022ceb06e4f30706c8b2af42f4827f927cf6f3a24
https://public.fhir.flex.optum.com/R4/Location/634823feeba56e486a64285e098a3ef3b17d5018b603a527d9f9ec5d53bfbc1d,Location,634823feeba56e486a64285e098a3ef3b17d5018b603a527d9f9ec5d53bfbc1d,['http://hl7.org/fhir/us/davinci-pdex-plan-net/StructureDefinition/plannet-Location'],"[{'system': 'http://optum.com/fhir/wm/system/2021/07/resourceid', 'code': 'O8eYuFdPJUTGpaJZ56N/D5ZKinv5WOFMJFWICsqMDzRj+TtIH9JgyjA+2+334GSz3D2nQxDo5zL1kHzvvIrK/WD0BVfRLnfbomPwMHqkbwieXea8+LpohcMgSJTzDewuGHz2A3w13YmTlF+NC9hJ'}]","[{'url': 'http://hl7.org/fhir/us/davinci-pdex-plan-net/StructureDefinition/accessibility', 'valueCodeableConcept': {'coding': [{'system': 'http://hl7.org/fhir/us/davinci-pdex-plan-net/CodeSystem/AccessibilityCS', 'code': 'handiaccess', 'display': 'handicap accessible'}], 'text': 'Provides access to persons with disabilities.'}}]",active,29995 Technology Dr Ste 101-Murrieta-CA-92563-925632633,work,physical,29995 Technology Dr Ste 101 Murrieta CA 92563-2633,['29995 Technology Dr Ste 101'],Murrieta,CA,92563-2633,USA,-117.136374,33.560084,Location/634823feeba56e486a64285e098a3ef3b17d5018b603a527d9f9ec5d53bfbc1d
https://public.fhir.flex.optum.com/R4/Location/978408a9d3444610a72e33f9e1dd42e9d33d2ece36f0230f3bcb0c378071dcbf,Location,978408a9d3444610a72e33f9e1dd42e9d33d2ece36f0230f3bcb0c378071dcbf,['http://hl7.org/fhir/us/davinci-pdex-plan-net/StructureDefinition/plannet-Location'],"[{'system': 'http://optum.com/fhir/wm/system/2021/07/resourceid', 'code': 'O8eYuFdPJUTGpaJZ56N/D5ZKinv5WOFMJFWICsqMDzRj+TtIH9JgyjA+2+334GSz3D2nQxDo5zL1kHzvvIrK/WD0BVfRLnfbomPwMHqkbwieXea8+LpohcMgSJTzDewuGHz2A3w13YmTlF+NC9hJ'}]","[{'url': 'http://hl7.org/fhir/us/davinci-pdex-plan-net/StructureDefinition/accessibility', 'valueCodeableConcept': {'coding': [{'system': 'http://hl7.org/fhir/us/davinci-pdex-plan-net/CodeSystem/AccessibilityCS', 'code': 'handiaccess', 'display': 'handicap accessible'}], 'text': 'Provides access to persons with disabilities.'}}]",active,3111 N Tustin St Ste 250-Orange-CA-92865-928651754,work,physical,3111 N Tustin St Ste 250 Orange CA 92865-1754,['3111 N Tustin St Ste 250'],Orange,CA,92865-1754,USA,-117.832948,33.841336,Location/978408a9d3444610a72e33f9e1dd42e9d33d2ece36f0230f3bcb0c378071dcbf
https://public.fhir.flex.optum.com/R4/Location/01846cc1567a999b0e00b848feef645301abdf62d37c5ffbe019616e33ede60a,Location,01846cc1567a999b0e00b848feef645301abdf62d37c5ffbe019616e33ede60a,['http://hl7.org/fhir/us/davinci-pdex-plan-net/StructureDefinition/plannet-Location'],"[{'system': 'http://optum.com/fhir/wm/system/2021/07/resourceid', 'code': 'O8eYuFdPJUTGpaJZ56N/D5ZKinv5WOFMJFWICsqMDzRj+TtIH9JgyjA+2+334GSz3D2nQxDo5zL1kHzvvIrK/WD0BVfRLnfbomPwMHqkbwieXea8+LpohcMgSJTzDewuGHz2A3w13YmTlF+NC9hJ'}]",,active,605 N Garfield Ave # 1F-Monterey Park-CA-91754-917541102,work,physical,605 N Garfield Ave # 1F Monterey Park CA 91754-1102,['605 N Garfield Ave # 1F'],Monterey Park,CA,91754-1102,USA,-118.123087,34.068788,Location/01846cc1567a999b0e00b848feef645301abdf62d37c5ffbe019616e33ede60a
https://public.fhir.flex.optum.com/R4/Location/3d1fa60d337d605e98119dd1fb43678c056f90fa168c7867107de15b150e4c5f,Location,3d1fa60d337d605e98119dd1fb43678c056f90fa168c7867107de15b150e4c5f,['http://hl7.org/fhir/us/davinci-pdex-plan-net/StructureDefinition/plannet-Location'],"[{'system': 'http://optum.com/fhir/wm/system/2021/07/resourceid', 'code': 'O8eYuFdPJUTGpaJZ56N/D5ZKinv5WOFMJFWICsqMDzRj+TtIH9JgyjA+2+334GSz3D2nQxDo5zL1kHzvvIrK/WD0BVfRLnfbomPwMHqkbwieXea8+LpohcMgSJTzDewuGHz2A3w13YmTlF+NC9hJ'}]","[{'url': 'http://hl7.org/fhir/us/davinci-pdex-plan-net/StructureDefinition/accessibility', 'valueCodeableConcept': {'coding': [{'system': 'http://hl7.org/fhir/us/davinci-pdex-plan-net/CodeSystem/AccessibilityCS', 'code': 'handiaccess', 'display': 'handicap accessible'}], 'text': 'Provides access to persons with disabilities.'}}]",active,3838 San Dimas St Ste A200-Bakersfield-CA-93301-933011115,work,physical,3838 San Dimas St Ste A200 Bakersfield CA 93301-1115,['3838 San Dimas St Ste A200'],Bakersfield,CA,93301-1115,USA,-119.008021,35.394559,Location/3d1fa60d337d605e98119dd1fb43678c056f90fa168c7867107de15b150e4c5f
https://public.fhir.flex.optum.com/R4/Location/20dd1e04f58779377e95bd85a384fd7765e963e1d316f812a6155b151d9e439f,Location,20dd1e04f58779377e95bd85a384fd7765e963e1d316f812a6155b151d9e439f,['http://hl7.org/fhir/us/davinci-pdex-plan-net/StructureDefinition/plannet-Location'],"[{'system': 'http://optum.com/fhir/wm/system/2021/07/resourceid', 'code': 'O8eYuFdPJUTGpaJZ56N/D5ZKinv5WOFMJFWICsqMDzRj+TtIH9JgyjA+2+334GSz3D2nQxDo5zL1kHzvvIrK/WD0BVfRLnfbomPwMHqkbwieXea8+LpohcMgSJTzDewuGHz2A3w13YmTlF+NC9hJ'}]","[{'url': 'http://hl7.org/fhir/us/davinci-pdex-plan-net/StructureDefinition/accessibility', 'valueCodeableConcept': {'coding': [{'system': 'http://hl7.org/fhir/us/davinci-pdex-plan-net/CodeSystem/AccessibilityCS', 'code': 'handiaccess', 'display': 'handicap accessible'}], 'text': 'Provides access to persons with disabilities.'}}]",active,907 N Virgil Ave-Los Angeles-CA-90029-900292911,work,physical,907 N Virgil Ave Los Angeles CA 90029-2911,['907 N Virgil Ave'],Los Angeles,CA,90029-2911,USA,-118.287065,34.088189,Location/20dd1e04f58779377e95bd85a384fd7765e963e1d316f812a6155b151d9e439f
https://public.fhir.flex.optum.com/R4/Location/faff62651a823feb67a5c1ff9d7ea7c39de0df0648879ec38227b57d5c30f264,Location,faff62651a823feb67a5c1ff9d7ea7c39de0df0648879ec38227b57d5c30f264,['http://hl7.org/fhir/us/davinci-pdex-plan-net/StructureDefinition/plannet-Location'],"[{'system': 'http://optum.com/fhir/wm/system/2021/07/resourceid', 'code': 'O8eYuFdPJUTGpaJZ56N/D5ZKinv5WOFMJFWICsqMDzRj+TtIH9JgyjA+2+334GSz3D2nQxDo5zL1kHzvvIrK/WD0BVfRLnfbomPwMHqkbwieXea8+LpohcMgSJTzDewuGHz2A3w13YmTlF+NC9hJ'}]","[{'url': 'http://hl7.org/fhir/us/davinci-pdex-plan-net/StructureDefinition/accessibility', 'valueCodeableConcept': {'coding': [{'system': 'http://hl7.org/fhir/us/davinci-pdex-plan-net/CodeSystem/AccessibilityCS', 'code': 'handiaccess', 'display': 'handicap accessible'}], 'text': 'Provides access to persons with disabilities.'}}]",active,696 Hampshire Rd Ste 200-Westlake Village-CA-91361-913614460,work,physical,696 Hampshire Rd Ste 200 Westlake Village CA 91361-4460,['696 Hampshire Rd Ste 200'],Westlake Village,CA,91361-4460,USA,-118.834452,34.15845,Location/faff62651a823feb67a5c1ff9d7ea7c39de0df0648879ec38227b57d5c30f264
https://public.fhir.flex.optum.com/R4/Location/f81ccc9b398d10df38880ff2758b8549855a995b2024463a1bf12004a204bfae,Location,f81ccc9b398d10df38880ff2758b8549855a995b2024463a1bf12004a204bfae,['http://hl7.org/fhir/us/davinci-pdex-plan-net/StructureDefinition/plannet-Location'],"[{'system': 'http://optum.com/fhir/wm/system/2021/07/resourceid', 'code': 'O8eYuFdPJUTGpaJZ56N/D5ZKinv5WOFMJFWICsqMDzRj+TtIH9JgyjA+2+334GSz3D2nQxDo5zL1kHzvvIrK/WD0BVfRLnfbomPwMHqkbwieXea8+LpohcMgSJTzDewuGHz2A3w13YmTlF+NC9hJ'}]","[{'url': 'http://hl7.org/fhir/us/davinci-pdex-plan-net/StructureDefinition/accessibility', 'valueCodeableConcept': {'coding': [{'system': 'http://hl7.org/fhir/us/davinci-pdex-plan-net/CodeSystem/AccessibilityCS', 'code': 'handiaccess', 'display': 'handicap accessible'}], 'text': 'Provides access to persons with disabilities.'}}]",active,3535 W Imperial Hwy-Inglewood-CA-90303-903032252,work,physical,3535 W Imperial Hwy Inglewood CA 90303-2252,['3535 W Imperial Hwy'],Inglewood,CA,90303-2252,USA,-118.334155,33.931107,Location/f81ccc9b398d10df38880ff2758b8549855a995b2024463a1bf12004a204bfae
https://public.fhir.flex.optum.com/R4/Location/af4de4cf46edcaf3b21ee224ac1ff8270fe3849f3658330a5ced52a941f5ec18,Location,af4de4cf46edcaf3b21ee224ac1ff8270fe3849f3658330a5ced52a941f5ec18,['http://hl7.org/fhir/us/davinci-pdex-plan-net/StructureDefinition/plannet-Location'],"[{'system': 'http://optum.com/fhir/wm/system/2021/07/resourceid', 'code': 'O8eYuFdPJUTGpaJZ56N/D5ZKinv5WOFMJFWICsqMDzRj+TtIH9JgyjA+2+334GSz3D2nQxDo5zL1kHzvvIrK/WD0BVfRLnfbomPwMHqkbwieXea8+LpohcMgSJTzDewuGHz2A3w13YmTlF+NC9hJ'}]","[{'url': 'http://hl7.org/fhir/us/davinci-pdex-plan-net/StructureDefinition/accessibility', 'valueCodeableConcept': {'coding': [{'system': 'http://hl7.org/fhir/us/davinci-pdex-plan-net/CodeSystem/AccessibilityCS', 'code': 'handiaccess', 'display': 'handicap accessible'}], 'text': 'Provides access to persons with disabilities.'}}]",active,600 St Paul Ave Ste 101-Los Angeles-CA-90017-900175660,work,physical,600 St Paul Ave Ste 101 Los Angeles CA 90017-5660,['600 St Paul Ave Ste 101'],Los Angeles,CA,90017-5660,USA,-118.260779,34.053356,Location/af4de4cf46edcaf3b21ee224ac1ff8270fe3849f3658330a5ced52a941f5ec18
https://public.fhir.flex.optum.com/R4/Location/2615dd63af736d614e06b875879a88e2c4774a567b505d6099a6b6c107254073,Location,2615dd63af736d614e06b875879a88e2c4774a567b505d6099a6b6c107254073,['http://hl7.org/fhir/us/davinci-pdex-plan-net/StructureDefinition/plannet-Location'],"[{'system': 'http://optum.com/fhir/wm/system/2021/07/resourceid', 'code': 'O8eYuFdPJUTGpaJZ56N/D5ZKinv5WOFMJFWICsqMDzRj+TtIH9JgyjA+2+334GSz3D2nQxDo5zL1kHzvvIrK/WD0BVfRLnfbomPwMHqkbwieXea8+LpohcMgSJTzDewuGHz2A3w13YmTlF+NC9hJ'}]",,active,2810 Crow Canyon Rd Ste 102-San Ramon-CA-94583-945831670,work,physical,2810 Crow Canyon Rd Ste 102 San Ramon CA 94583-1670,['2810 Crow Canyon Rd Ste 102'],San Ramon,CA,94583-1670,USA,-121.98083,37.775143,Location/2615dd63af736d614e06b875879a88e2c4774a567b505d6099a6b6c107254073
https://public.fhir.flex.optum.com/R4/Location/1c10a2645dab9aad76fe020fb13759c84b194a551b483f92ad29f1bbf95d2083,Location,1c10a2645dab9aad76fe020fb13759c84b194a551b483f92ad29f1bbf95d2083,['http://hl7.org/fhir/us/davinci-pdex-plan-net/StructureDefinition/plannet-Location'],"[{'system': 'http://optum.com/fhir/wm/system/2021/07/resourceid', 'code': 'O8eYuFdPJUTGpaJZ56N/D5ZKinv5WOFMJFWICsqMDzRj+TtIH9JgyjA+2+334GSz3D2nQxDo5zL1kHzvvIrK/WD0BVfRLnfbomPwMHqkbwieXea8+LpohcMgSJTzDewuGHz2A3w13YmTlF+NC9hJ'}]",,active,4644 Lincoln Blvd Ste 102-Marina Del Rey-CA-90292-902926374,work,physical,4644 Lincoln Blvd Ste 102 Marina Del Rey CA 90292-6374,['4644 Lincoln Blvd Ste 102'],Marina Del Rey,CA,90292-6374,USA,-118.440326,33.982079,Location/1c10a2645dab9aad76fe020fb13759c84b194a551b483f92ad29f1bbf95d2083
